1,"Como avaliaria a relação entre os provérbios e a notícia? [o caldo em quente, a injúria em frio.]","Como avaliaria a relação entre os provérbios e a notícia? [em abril, águas mil.]","Como avaliaria a relação entre os provérbios e a notícia? [nuvens pequenas, altas e escuras são chuvas certas e seguras.]",Como avaliaria a relação entre os provérbios e a notícia? [em Julho fazer vasculho.],Como avaliaria a relação entre os provérbios e a notícia? [em boca fechada não entram moscas.],"Relacionando com o título, quão engraçado é cada provérbio? [o caldo em quente, a injúria em frio.]","Relacionando com o título, quão engraçado é cada provérbio? [em abril, águas mil.]","Relacionando com o título, quão engraçado é cada provérbio? [nuvens pequenas, altas e escuras são chuvas certas e seguras.]","Relacionando com o título, quão engraçado é cada provérbio? [em Julho fazer vasculho.]","Relacionando com o título, quão engraçado é cada provérbio? [em boca fechada não entram moscas.]",Como avaliaria a relação entre os provérbios e a notícia? [mais vale um pássaro na mão do que dois a voar.],Como avaliaria a relação entre os provérbios e a notícia? [quem mais tem mais quer.],"Como avaliaria a relação entre os provérbios e a notícia? [a boa fé é uma moeda, que quase não tem curso no comércio da vida.]","Como avaliaria a relação entre os provérbios e a notícia? [quanto mais alto, maior é a queda.]",Como avaliaria a relação entre os provérbios e a notícia? [quem tem telhado de vidro não atira pedras ao do vizinho.],"Como avaliaria a relação entre os provérbios e a notícia? [quem ovos vende e galinhas não tem, de algum lado eles vêm.]",Como avaliaria a relação entre os provérbios e a notícia? [há ocasiões em que o coração vê melhor que os olhos.],"Relacionando com o título, quão engraçado é cada provérbio? [mais vale um pássaro na mão do que dois a voar.]","Relacionando com o título, quão engraçado é cada provérbio? [quem mais tem mais quer.]","Relacionando com o título, quão engraçado é cada provérbio? [a boa fé é uma moeda, que quase não tem curso no comércio da vida.]","Relacionando com o título, quão engraçado é cada provérbio? [quanto mais alto, maior é a queda.]","Relacionando com o título, quão engraçado é cada provérbio? [quem tem telhado de vidro não atira pedras ao do vizinho.]","Relacionando com o título, quão engraçado é cada provérbio? [quem ovos vende e galinhas não tem, de algum lado eles vêm.]","Relacionando com o título, quão engraçado é cada provérbio? [há ocasiões em que o coração vê melhor que os olhos.]",Como avaliaria a relação entre os provérbios e a notícia? [a maior virtude dos que falam é calar o que não devem dizer.],Como avaliaria a relação entre os provérbios e a notícia? [mais vale um que bem mande do que dois que mal façam.],"Como avaliaria a relação entre os provérbios e a notícia? [quanto maior é a nau, maior é a tormenta.]",Como avaliaria a relação entre os provérbios e a notícia? [dar a César o que é de César e a Deus o que é de Deus.],"Como avaliaria a relação entre os provérbios e a notícia? [a boa fé é uma moeda, que quase não tem curso no comércio da vida.]","Como avaliaria a relação entre os provérbios e a notícia? [vermelho nascente que pronto descora, tempo de chuva que está p'ra demora.]","Como avaliaria a relação entre os provérbios e a notícia? [o homem mais independente é, ainda, escravo do ar que respira.]","Relacionando com o título, quão engraçado é cada provérbio? [a maior virtude dos que falam é calar o que não devem dizer.]","Relacionando com o título, quão engraçado é cada provérbio? [mais vale um que bem mande do que dois que mal façam.]","Relacionando com o título, quão engraçado é cada provérbio? [quanto maior é a nau, maior é a tormenta.]","Relacionando com o título, quão engraçado é cada provérbio? [dar a César o que é de César e a Deus o que é de Deus.]","Relacionando com o título, quão engraçado é cada provérbio? [a boa fé é uma moeda, que quase não tem curso no comércio da vida.]","Relacionando com o título, quão engraçado é cada provérbio? [vermelho nascente que pronto descora, tempo de chuva que está p'ra demora.]","Relacionando com o título, quão engraçado é cada provérbio? [o homem mais independente é, ainda, escravo do ar que respira.]","Como avaliaria a relação entre os provérbios e a notícia? [no Natal, passadinha de Natal.]","Como avaliaria a relação entre os provérbios e a notícia? [o caldo em quente, a injúria em frio.]","Como avaliaria a relação entre os provérbios e a notícia? [nas empresas arrojadas, o êxito depende do primeiro impulso.]",Como avaliaria a relação entre os provérbios e a notícia? [na confiança está o perigo.],Como avaliaria a relação entre os provérbios e a notícia? [em Junho foucinha no punho.],Como avaliaria a relação entre os provérbios e a notícia? [em Julho fazer vasculho.],Como avaliaria a relação entre os provérbios e a notícia? [em Outubro manda o boi para o palheiro e o barco para o muro.],"Relacionando com o título, quão engraçado é cada provérbio? [no Natal, passadinha de Natal.]","Relacionando com o título, quão engraçado é cada provérbio? [o caldo em quente, a injúria em frio.]","Relacionando com o título, quão engraçado é cada provérbio? [nas empresas arrojadas, o êxito depende do primeiro impulso.]","Relacionando com o título, quão engraçado é cada provérbio? [na confiança está o perigo.]","Relacionando com o título, quão engraçado é cada provérbio? [em Junho foucinha no punho.]","Relacionando com o título, quão engraçado é cada provérbio? [em Julho fazer vasculho.]","Relacionando com o título, quão engraçado é cada provérbio? [em Outubro manda o boi para o palheiro e o barco para o muro.]",Como avaliaria a relação entre os provérbios e a notícia? [o amor é cego.],Como avaliaria a relação entre os provérbios e a notícia? [a conversa é como as cerejas.],"Como avaliaria a relação entre os provérbios e a notícia? [o que não tem solução, solucionado está.]",Como avaliaria a relação entre os provérbios e a notícia? [o pior cego é aquele que não quer ver.],Como avaliaria a relação entre os provérbios e a notícia? [viver é como desenhar sem borracha.],Como avaliaria a relação entre os provérbios e a notícia? [é sempre o burro que fala.],Como avaliaria a relação entre os provérbios e a notícia? [ninguém quer ser velho nem morrer novo.],"Como avaliaria a relação entre os provérbios e a notícia? [poente nubloso, vermelho acobreado safa a japona, que o tempo é molhado.]","Relacionando com o título, quão engraçado é cada provérbio? [o amor é cego.]","Relacionando com o título, quão engraçado é cada provérbio? [a conversa é como as cerejas.]","Relacionando com o título, quão engraçado é cada provérbio? [o que não tem solução, solucionado está.]","Relacionando com o título, quão engraçado é cada provérbio? [o pior cego é aquele que não quer ver.]","Relacionando com o título, quão engraçado é cada provérbio? [viver é como desenhar sem borracha.]","Relacionando com o título, quão engraçado é cada provérbio? [é sempre o burro que fala.]","Relacionando com o título, quão engraçado é cada provérbio? [ninguém quer ser velho nem morrer novo.]","Relacionando com o título, quão engraçado é cada provérbio? [poente nubloso, vermelho acobreado safa a japona, que o tempo é molhado.]","Como avaliaria a relação entre os provérbios e a notícia? [mal por mal, antes na cadeia do que no hospital.]","Como avaliaria a relação entre os provérbios e a notícia? [em casa de ferreiro, espeto de pau.]",Como avaliaria a relação entre os provérbios e a notícia? [geada na lama água na cama.],"Como avaliaria a relação entre os provérbios e a notícia? [desconfiai de vós, dos homens e do mundo, mas confiai em Deus.]","Como avaliaria a relação entre os provérbios e a notícia? [zombai do tolo em casa, zombará convosco na praça.]","Como avaliaria a relação entre os provérbios e a notícia? [em terra de sapos, de cócoras como eles.]",Como avaliaria a relação entre os provérbios e a notícia? [aos olhos da inveja todo o sucesso é crime.],"Relacionando com o título, quão engraçado é cada provérbio? [mal por mal, antes na cadeia do que no hospital.]","Relacionando com o título, quão engraçado é cada provérbio? [em casa de ferreiro, espeto de pau.]","Relacionando com o título, quão engraçado é cada provérbio? [geada na lama água na cama.]","Relacionando com o título, quão engraçado é cada provérbio? [desconfiai de vós, dos homens e do mundo, mas confiai em Deus.]","Relacionando com o título, quão engraçado é cada provérbio? [zombai do tolo em casa, zombará convosco na praça.]","Relacionando com o título, quão engraçado é cada provérbio? [em terra de sapos, de cócoras como eles.]","Relacionando com o título, quão engraçado é cada provérbio? [aos olhos da inveja todo o sucesso é crime.]",Como avaliaria a relação entre os provérbios e a notícia? [água do rio corre para o mar.],"Como avaliaria a relação entre os provérbios e a notícia? [para cá do Marão, mandam os que cá estão, para lá do Marão, mandam os que de cá vão.]","Como avaliaria a relação entre os provérbios e a notícia? [antes de tudo julgar, é necessário conhecer.]",Como avaliaria a relação entre os provérbios e a notícia? [a ordem dos fatores não altera o produto.],Como avaliaria a relação entre os provérbios e a notícia? [a água é tão útil às plantas como o alimento aos animais.],"Como avaliaria a relação entre os provérbios e a notícia? [de Santa Luzia ao Natal, um salto de pardal, de Natal a Janeiro, um salto de carneiro.]",Como avaliaria a relação entre os provérbios e a notícia? [ladrão que rouba a ladrão tem cem anos de perdão.],Como avaliaria a relação entre os provérbios e a notícia? [ninguém aponte as faltas alheias com o dedo sujo.],"Relacionando com o título, quão engraçado é cada provérbio? [água do rio corre para o mar.]","Relacionando com o título, quão engraçado é cada provérbio? [para cá do Marão, mandam os que cá estão, para lá do Marão, mandam os que de cá vão.]","Relacionando com o título, quão engraçado é cada provérbio? [antes de tudo julgar, é necessário conhecer.]","Relacionando com o título, quão engraçado é cada provérbio? [a ordem dos fatores não altera o produto.]","Relacionando com o título, quão engraçado é cada provérbio? [a água é tão útil às plantas como o alimento aos animais.]","Relacionando com o título, quão engraçado é cada provérbio? [de Santa Luzia ao Natal, um salto de pardal, de Natal a Janeiro, um salto de carneiro.]","Relacionando com o título, quão engraçado é cada provérbio? [ladrão que rouba a ladrão tem cem anos de perdão.]","Relacionando com o título, quão engraçado é cada provérbio? [ninguém aponte as faltas alheias com o dedo sujo.]",Como avaliaria a relação entre os provérbios e a notícia? [no meio é que está a virtude.],Como avaliaria a relação entre os provérbios e a notícia? [em Outubro pega tudo.],"Como avaliaria a relação entre os provérbios e a notícia? [quem conta um conto, acrescenta um ponto.]","Como avaliaria a relação entre os provérbios e a notícia? [mal por mal, antes na cadeia do que no hospital.]",Como avaliaria a relação entre os provérbios e a notícia? [na confiança está o perigo.],"Como avaliaria a relação entre os provérbios e a notícia? [fica tudo como dantes, quartel-general em Abrantes.]",Como avaliaria a relação entre os provérbios e a notícia? [mais depressa se apanha um mentiroso que um coxo.],"Relacionando com o título, quão engraçado é cada provérbio? [no meio é que está a virtude.]","Relacionando com o título, quão engraçado é cada provérbio? [em Outubro pega tudo.]","Relacionando com o título, quão engraçado é cada provérbio? [quem conta um conto, acrescenta um ponto.]","Relacionando com o título, quão engraçado é cada provérbio? [mal por mal, antes na cadeia do que no hospital.]","Relacionando com o título, quão engraçado é cada provérbio? [na confiança está o perigo.]","Relacionando com o título, quão engraçado é cada provérbio? [fica tudo como dantes, quartel-general em Abrantes.]","Relacionando com o título, quão engraçado é cada provérbio? [mais depressa se apanha um mentiroso que um coxo.]",Como avaliaria a relação entre os provérbios e a notícia? [de fartas ceias estão as sepulturas cheias.],Como avaliaria a relação entre os provérbios e a notícia? [às três é de vez.],Como avaliaria a relação entre os provérbios e a notícia? [nunca desprezes as dádivas de hoje pelas promessas de amanhã.],Como avaliaria a relação entre os provérbios e a notícia? [a ordem dos fatores não altera o produto.],"Como avaliaria a relação entre os provérbios e a notícia? [se o trabalho dá saúde, que trabalhem os doentes.]","Relacionando com o título, quão engraçado é cada provérbio? [de fartas ceias estão as sepulturas cheias.]","Relacionando com o título, quão engraçado é cada provérbio? [às três é de vez.]","Relacionando com o título, quão engraçado é cada provérbio? [nunca desprezes as dádivas de hoje pelas promessas de amanhã.]","Relacionando com o título, quão engraçado é cada provérbio? [a ordem dos fatores não altera o produto.]","Relacionando com o título, quão engraçado é cada provérbio? [se o trabalho dá saúde, que trabalhem os doentes.]",Como avaliaria a relação entre os provérbios e a notícia? [vai muito do dizer ao fazer.],Como avaliaria a relação entre os provérbios e a notícia? [tanto é ladrão o que vai à vinha como o que fica à porta.],Como avaliaria a relação entre os provérbios e a notícia? [quem vai ao mar avia-se em terra.],Como avaliaria a relação entre os provérbios e a notícia? [a maior virtude dos que falam é calar o que não devem dizer.],"Como avaliaria a relação entre os provérbios e a notícia? [a mulher de César tem que ser, não basta parecer.]","Como avaliaria a relação entre os provérbios e a notícia? [cavalga, para não cair.]",Como avaliaria a relação entre os provérbios e a notícia? [os olhos pedem mais do que a barriga aguenta.],"Relacionando com o título, quão engraçado é cada provérbio? [vai muito do dizer ao fazer.]","Relacionando com o título, quão engraçado é cada provérbio? [tanto é ladrão o que vai à vinha como o que fica à porta.]","Relacionando com o título, quão engraçado é cada provérbio? [quem vai ao mar avia-se em terra.]","Relacionando com o título, quão engraçado é cada provérbio? [a maior virtude dos que falam é calar o que não devem dizer.]","Relacionando com o título, quão engraçado é cada provérbio? [a mulher de César tem que ser, não basta parecer.]","Relacionando com o título, quão engraçado é cada provérbio? [cavalga, para não cair.]","Relacionando com o título, quão engraçado é cada provérbio? [os olhos pedem mais do que a barriga aguenta.]","[Opcional] Fazendo a fusão entre o título dado e um provérbio à sua escolha, que novo título sugeria?"
1,3,2,3,1,2,2,1,2,1,2,2,2,2,2,3,3,2,2,2,1,2,3,2,2,2,3,3,1,2,1,3,1,2,2,1,1,2,2,1,2,1,2,1,1,1,1,2,1,2,1,1,1,2,1,2,4,2,2,2,1,3,1,2,3,2,2,2,1,3,2,1,2,1,1,1,2,2,1,2,1,1,1,3,1,2,2,1,1,1,3,1,1,2,3,1,1,1,2,3,1,3,1,2,4,2,2,1,3,1,3,4,2,2,1,2,1,1,2,1,1,1,1,2,1,1,1,2,3,3,2,1,1,1,2,2,2
1,2,2,3,1,2,1,1,3,1,2,3,4,4,3,4,4,3,3,3,3,2,3,4,1,3,3,4,2,2,1,2,2,3,2,1,1,1,3,1,1,2,3,1,1,1,1,1,1,2,1,1,1,3,2,2,3,1,1,2,1,1,2,2,1,1,1,1,1,4,2,1,1,1,2,2,3,2,1,1,1,2,1,4,2,2,3,2,1,2,1,3,2,1,1,1,1,2,2,3,2,3,2,4,4,4,3,1,3,3,3,4,4,2,2,3,3,1,3,2,2,2,1,4,4,2,3,3,1,3,2,3,3,3,3,1,2
1,3,3,4,3,2,2,3,3,2,2,2,4,3,2,3,3,2,3,3,3,3,3,3,2,3,2,3,3,3,2,3,3,3,3,2,2,2,3,2,2,2,2,3,3,3,3,2,2,2,3,3,3,2,2,2,4,3,3,2,2,2,3,3,3,3,3,3,3,4,3,3,3,4,3,2,4,2,2,3,3,3,2,3,2,2,3,4,2,2,3,2,3,2,2,3,3,2,3,3,2,3,2,2,3,3,2,2,2,2,2,3,2,3,3,3,3,2,3,3,3,2,3,4,4,3,4,2,2,3,3,2,3,3,2,3,3
1,1,2,2,1,1,1,1,1,1,2,2,4,1,3,2,1,1,2,3,1,1,1,1,1,1,1,3,1,1,1,3,1,1,1,1,1,1,1,1,1,1,1,1,1,1,1,1,1,1,1,1,1,1,1,2,3,1,1,1,1,1,1,2,2,1,1,1,1,4,3,1,1,1,1,1,4,2,1,1,1,1,1,1,1,1,1,1,1,1,1,1,1,1,1,1,1,1,1,1,1,1,1,1,1,1,1,1,1,1,1,1,1,3,1,1,1,1,1,1,1,1,1,4,1,1,1,1,1,3,3,1,1,1,1,1,3
2,Como avaliaria a relação entre os provérbios e a notícia? [obdece e saberás mandar.],Como avaliaria a relação entre os provérbios e a notícia? [a abelha não leva chumbo.],Como avaliaria a relação entre os provérbios e a notícia? [o homem põe e Deus dispõe.],Como avaliaria a relação entre os provérbios e a notícia? [à mulher de César não basta parecer.],Como avaliaria a relação entre os provérbios e a notícia? [sogro e sogra milho e feijão só dão resultado debaixo do chão.],Como avaliaria a relação entre os provérbios e a notícia? [quem parte velho paga novo.],"Como avaliaria a relação entre os provérbios e a notícia? [em Dezembro, a uma lebre, galgos cento.]","Relacionando com o título, quão engraçado é cada provérbio? [obdece e saberás mandar.]","Relacionando com o título, quão engraçado é cada provérbio? [a abelha não leva chumbo.]","Relacionando com o título, quão engraçado é cada provérbio? [o homem põe e Deus dispõe.]","Relacionando com o título, quão engraçado é cada provérbio? [à mulher de César não basta parecer.]","Relacionando com o título, quão engraçado é cada provérbio? [sogro e sogra milho e feijão só dão resultado debaixo do chão.]","Relacionando com o título, quão engraçado é cada provérbio? [quem parte velho paga novo.]","Relacionando com o título, quão engraçado é cada provérbio? [em Dezembro, a uma lebre, galgos cento.]","Como avaliaria a relação entre os provérbios e a notícia? [quanto mais depressa, mais devagar.]",Como avaliaria a relação entre os provérbios e a notícia? [os olhos pedem mais do que a barriga aguenta.],Como avaliaria a relação entre os provérbios e a notícia? [lenha verde pouco acende e quem muito dorme pouco aprende.],"Como avaliaria a relação entre os provérbios e a notícia? [mais vale uma vista do dono, que cem brados do abegão.]","Relacionando com o título, quão engraçado é cada provérbio? [quanto mais depressa, mais devagar.]","Relacionando com o título, quão engraçado é cada provérbio? [os olhos pedem mais do que a barriga aguenta.]","Relacionando com o título, quão engraçado é cada provérbio? [lenha verde pouco acende e quem muito dorme pouco aprende.]","Relacionando com o título, quão engraçado é cada provérbio? [mais vale uma vista do dono, que cem brados do abegão.]",Como avaliaria a relação entre os provérbios e a notícia? [de pequenino se constrói o destino.],"Como avaliaria a relação entre os provérbios e a notícia? [quanto mais se semeia em desejos, menos se colhe em felicidade.]",Como avaliaria a relação entre os provérbios e a notícia? [a melhor defesa é o ataque.],"Como avaliaria a relação entre os provérbios e a notícia? [desconfiai de vós, dos homens e do mundo, mas confiai em Deus.]",Como avaliaria a relação entre os provérbios e a notícia? [não se fala de corda em casa de enforcado.],"Como avaliaria a relação entre os provérbios e a notícia? [zombai do tolo em casa, zombará convosco na praça.]",Como avaliaria a relação entre os provérbios e a notícia? [muitos comandantes levam o navio pela encosta acima.],"Relacionando com o título, quão engraçado é cada provérbio? [de pequenino se constrói o destino.]","Relacionando com o título, quão engraçado é cada provérbio? [quanto mais se semeia em desejos, menos se colhe em felicidade.]","Relacionando com o título, quão engraçado é cada provérbio? [a melhor defesa é o ataque.]","Relacionando com o título, quão engraçado é cada provérbio? [desconfiai de vós, dos homens e do mundo, mas confiai em Deus.]","Relacionando com o título, quão engraçado é cada provérbio? [não se fala de corda em casa de enforcado.]","Relacionando com o título, quão engraçado é cada provérbio? [zombai do tolo em casa, zombará convosco na praça.]","Relacionando com o título, quão engraçado é cada provérbio? [muitos comandantes levam o navio pela encosta acima.]",Como avaliaria a relação entre os provérbios e a notícia? [a ignorância é o pior de todos os males.],Como avaliaria a relação entre os provérbios e a notícia? [o temor do Senhor é o princípio da sabedoria.],"Como avaliaria a relação entre os provérbios e a notícia? [se a vida lhe der um limão, faça uma limonada.]","Como avaliaria a relação entre os provérbios e a notícia? [mais do que o dado, vale a maneira de o dar.]",Como avaliaria a relação entre os provérbios e a notícia? [todos os caminhos vão dar a Roma.],"Como avaliaria a relação entre os provérbios e a notícia? [a amenidade no semblante, anuncia a bondade do coração.]","Como avaliaria a relação entre os provérbios e a notícia? [lisboa é praça de armas, Coimbra dos estudantes, Porto dos mercadores, Vila Real dos amantes.]","Relacionando com o título, quão engraçado é cada provérbio? [a ignorância é o pior de todos os males.]","Relacionando com o título, quão engraçado é cada provérbio? [o temor do Senhor é o princípio da sabedoria.]","Relacionando com o título, quão engraçado é cada provérbio? [se a vida lhe der um limão, faça uma limonada.]","Relacionando com o título, quão engraçado é cada provérbio? [mais do que o dado, vale a maneira de o dar.]","Relacionando com o título, quão engraçado é cada provérbio? [todos os caminhos vão dar a Roma.]","Relacionando com o título, quão engraçado é cada provérbio? [a amenidade no semblante, anuncia a bondade do coração.]","Relacionando com o título, quão engraçado é cada provérbio? [lisboa é praça de armas, Coimbra dos estudantes, Porto dos mercadores, Vila Real dos amantes.]","Como avaliaria a relação entre os provérbios e a notícia? [mais vale andar no mar alto, que nas bocas do mundo.]","Como avaliaria a relação entre os provérbios e a notícia? [em casa de ferreiro, espeto de pau.]","Como avaliaria a relação entre os provérbios e a notícia? [em abril, águas mil.]","Como avaliaria a relação entre os provérbios e a notícia? [desconfiai de vós, dos homens e do mundo, mas confiai em Deus.]","Como avaliaria a relação entre os provérbios e a notícia? [em terra de sapos, de cócoras como eles.]","Como avaliaria a relação entre os provérbios e a notícia? [lisboa é praça de armas, Coimbra dos estudantes, Porto dos mercadores, Vila Real dos amantes.]","Relacionando com o título, quão engraçado é cada provérbio? [mais vale andar no mar alto, que nas bocas do mundo.]","Relacionando com o título, quão engraçado é cada provérbio? [em casa de ferreiro, espeto de pau.]","Relacionando com o título, quão engraçado é cada provérbio? [em abril, águas mil.]","Relacionando com o título, quão engraçado é cada provérbio? [desconfiai de vós, dos homens e do mundo, mas confiai em Deus.]","Relacionando com o título, quão engraçado é cada provérbio? [em terra de sapos, de cócoras como eles.]","Relacionando com o título, quão engraçado é cada provérbio? [lisboa é praça de armas, Coimbra dos estudantes, Porto dos mercadores, Vila Real dos amantes.]",Como avaliaria a relação entre os provérbios e a notícia? [amor e fé nas obras se vê.],"Como avaliaria a relação entre os provérbios e a notícia? [juntam-se as comadres, descobrem-se as verdades.]",Como avaliaria a relação entre os provérbios e a notícia? [dinheiro não nasce nas árvores.],"Como avaliaria a relação entre os provérbios e a notícia? [para baixo todos os santos ajudam, para cima é que as coisas mudam.]","Como avaliaria a relação entre os provérbios e a notícia? [ignora as causas, quem se pasma dos efeitos.]",Como avaliaria a relação entre os provérbios e a notícia? [nunca desprezes as dádivas de hoje pelas promessas de amanhã.],Como avaliaria a relação entre os provérbios e a notícia? [a Arca de Noé foi construída por amadores; os profissionais construíram o Titanic.],"Relacionando com o título, quão engraçado é cada provérbio? [amor e fé nas obras se vê.]","Relacionando com o título, quão engraçado é cada provérbio? [juntam-se as comadres, descobrem-se as verdades.]","Relacionando com o título, quão engraçado é cada provérbio? [dinheiro não nasce nas árvores.]","Relacionando com o título, quão engraçado é cada provérbio? [para baixo todos os santos ajudam, para cima é que as coisas mudam.]","Relacionando com o título, quão engraçado é cada provérbio? [ignora as causas, quem se pasma dos efeitos.]","Relacionando com o título, quão engraçado é cada provérbio? [nunca desprezes as dádivas de hoje pelas promessas de amanhã.]","Relacionando com o título, quão engraçado é cada provérbio? [a Arca de Noé foi construída por amadores; os profissionais construíram o Titanic.]",Como avaliaria a relação entre os provérbios e a notícia? [mata primeiro o elefante e depois arranca-lhe os pelos da cauda.],Como avaliaria a relação entre os provérbios e a notícia? [depois da tempestade vem a bonança.],Como avaliaria a relação entre os provérbios e a notícia? [mais vale uma palavra antes que duas depois.],"Como avaliaria a relação entre os provérbios e a notícia? [desconfiai de vós, dos homens e do mundo, mas confiai em Deus.]","Como avaliaria a relação entre os provérbios e a notícia? [depois do mal feito, todos o tinham previsto.]","Como avaliaria a relação entre os provérbios e a notícia? [a amenidade no semblante, anuncia a bondade do coração.]",Como avaliaria a relação entre os provérbios e a notícia? [águas passadas não movem moinhos.],"Como avaliaria a relação entre os provérbios e a notícia? [azeite de cima, mel do meio e vinho do fundo, não enganam o mundo.]","Relacionando com o título, quão engraçado é cada provérbio? [mata primeiro o elefante e depois arranca-lhe os pelos da cauda.]","Relacionando com o título, quão engraçado é cada provérbio? [depois da tempestade vem a bonança.]","Relacionando com o título, quão engraçado é cada provérbio? [mais vale uma palavra antes que duas depois.]","Relacionando com o título, quão engraçado é cada provérbio? [desconfiai de vós, dos homens e do mundo, mas confiai em Deus.]","Relacionando com o título, quão engraçado é cada provérbio? [depois do mal feito, todos o tinham previsto.]","Relacionando com o título, quão engraçado é cada provérbio? [a amenidade no semblante, anuncia a bondade do coração.]","Relacionando com o título, quão engraçado é cada provérbio? [águas passadas não movem moinhos.]","Relacionando com o título, quão engraçado é cada provérbio? [azeite de cima, mel do meio e vinho do fundo, não enganam o mundo.]",Como avaliaria a relação entre os provérbios e a notícia? [os olhos pedem mais do que a barriga aguenta.],"Como avaliaria a relação entre os provérbios e a notícia? [a lição dos exemplos instrui muito mais, que a dos preceitos.]","Como avaliaria a relação entre os provérbios e a notícia? [não desespera quem já nada espera, porque já não tem inquietações.]",Como avaliaria a relação entre os provérbios e a notícia? [os últimos são sempre os primeiros.],"Como avaliaria a relação entre os provérbios e a notícia? [as multidões sempre estão nos extremos, quando não tremem, ameaçam.]","Relacionando com o título, quão engraçado é cada provérbio? [os olhos pedem mais do que a barriga aguenta.]","Relacionando com o título, quão engraçado é cada provérbio? [a lição dos exemplos instrui muito mais, que a dos preceitos.]","Relacionando com o título, quão engraçado é cada provérbio? [os últimos são sempre os primeiros.]","Relacionando com o título, quão engraçado é cada provérbio? [não desespera quem já nada espera, porque já não tem inquietações.]","Relacionando com o título, quão engraçado é cada provérbio? [as multidões sempre estão nos extremos, quando não tremem, ameaçam.]",Como avaliaria a relação entre os provérbios e a notícia? [até S. Pedro o vinho tem medo..],"Como avaliaria a relação entre os provérbios e a notícia? [cachorro mordido de cobra, tem medo até de barbante.]","Como avaliaria a relação entre os provérbios e a notícia? [desconfiai de vós, dos homens e do mundo, mas confiai em Deus.]","Como avaliaria a relação entre os provérbios e a notícia? [longe da vista, longe do coração.]","Como avaliaria a relação entre os provérbios e a notícia? [biscoito de freira, fanga de trigo.]",Como avaliaria a relação entre os provérbios e a notícia? [a Arca de Noé foi construída por amadores; os profissionais construíram o Titanic.],"Relacionando com o título, quão engraçado é cada provérbio? [até S. Pedro o vinho tem medo..]","Relacionando com o título, quão engraçado é cada provérbio? [cachorro mordido de cobra, tem medo até de barbante.]","Relacionando com o título, quão engraçado é cada provérbio? [desconfiai de vós, dos homens e do mundo, mas confiai em Deus.]","Relacionando com o título, quão engraçado é cada provérbio? [longe da vista, longe do coração.]","Relacionando com o título, quão engraçado é cada provérbio? [biscoito de freira, fanga de trigo.]","Relacionando com o título, quão engraçado é cada provérbio? [a Arca de Noé foi construída por amadores; os profissionais construíram o Titanic.]","Como avaliaria a relação entre os provérbios e a notícia? [em desterro, dá a pobreza mais tormento.]",Como avaliaria a relação entre os provérbios e a notícia? [os vivos são sempre e cada vez mais governados pelos mais vivos.],"Como avaliaria a relação entre os provérbios e a notícia? [mais vale ficar vermelho cinco minutos,que amarelo toda a vida.]",Como avaliaria a relação entre os provérbios e a notícia? [mais vale ser feliz que rico.],Como avaliaria a relação entre os provérbios e a notícia? [muitos comandantes levam o navio pela encosta acima.],"Relacionando com o título, quão engraçado é cada provérbio? [em desterro, dá a pobreza mais tormento.]","Relacionando com o título, quão engraçado é cada provérbio? [os vivos são sempre e cada vez mais governados pelos mais vivos.]","Relacionando com o título, quão engraçado é cada provérbio? [mais vale ficar vermelho cinco minutos,que amarelo toda a vida.]","Relacionando com o título, quão engraçado é cada provérbio? [mais vale ser feliz que rico.]","Relacionando com o título, quão engraçado é cada provérbio? [muitos comandantes levam o navio pela encosta acima.]","[Opcional] Fazendo a fusão entre o título dado e um provérbio à sua escolha, que novo título sugeria?"
2,2,2,3,3,2,3,3,3,2,3,4,4,4,4,3,4,4,3,2,3,3,4,4,3,3,2,2,3,3,3,3,3,3,1,4,4,1,2,3,3,2,3,3,3,3,2,3,2,2,4,4,3,3,4,2,3,2,4,3,4,4,3,3,1,2,1,3,3,2,4,3,4,3,3,3,4,4,1,2,1,2,2,1,4,4,4,3,2,3,4,4,2,4,4,2,2,4,4,3,4,3,1,1,3,2,2,3,4,2,4,4,3,3,4,4,4,3,2,4,3,2,3,3,4
2,2,3,3,1,2,3,2,2,3,3,3,4,2,2,3,4,2,2,2,3,2,3,4,3,3,3,2,3,3,4,2,3,2,3,3,3,4,3,2,1,1,2,1,3,2,3,1,1,1,1,1,2,3,2,2,2,3,4,2,2,3,1,4,1,3,2,3,4,3,2,3,2,2,2,1,3,1,1,4,2,4,2,3,2,2,2,2,1,2,1,2,2,3,2,3,1,3,2,1,1,1,1,1,1,1,1,1,1,2,2,1,1,3,3,2,2,2,1,1,1,1,2,2,2
2,2,1,2,1,1,1,1,2,1,3,1,2,2,1,2,1,3,1,2,1,2,1,3,1,2,1,1,1,3,3,2,1,3,2,3,1,2,1,1,1,3,1,1,1,2,3,1,2,1,1,1,1,1,1,2,2,2,2,1,3,3,1,2,1,2,1,2,1,1,3,2,2,1,3,1,1,2,1,2,1,3,1,3,1,2,1,1,2,2,1,1,1,1,2,2,1,2,1,2,1,2,1,2,2,1,3,1,1,2,2,1,3,1,2,2,1,2,1,1,1,2,3,1,2
2,1,1,2,1,1,4,1,2,2,3,1,3,4,1,1,4,1,1,3,4,3,1,4,3,4,2,1,3,4,4,3,4,2,1,3,4,4,2,4,2,2,2,2,4,1,3,4,1,1,3,1,2,1,1,1,1,4,1,1,1,3,3,4,1,1,3,4,4,4,1,1,1,2,2,3,4,2,1,4,1,3,2,1,2,1,1,3,1,2,1,1,3,2,3,2,2,3,3,3,2,3,2,4,4,1,4,2,2,4,4,1,1,1,4,4,3,3,1,2,4,2,3,1,3
3,"Como avaliaria a relação entre os provérbios e a notícia? [quando a esmola é grande, o pobre desconfia.]","Como avaliaria a relação entre os provérbios e a notícia? [quando a passarada berra, o marinheiro procura terra.]",Como avaliaria a relação entre os provérbios e a notícia? [é a fome e o frio que põe a lebre a caminho.],Como avaliaria a relação entre os provérbios e a notícia? [nem tanto ao mar nem tanto à terra.],"Como avaliaria a relação entre os provérbios e a notícia? [boa noite após mau tempo, traz depressa chuva ou vento.]","Como avaliaria a relação entre os provérbios e a notícia? [é mais abjecto que o miserável, quem lhe insulta a desgraça.]","Relacionando com o título, quão engraçado é cada provérbio? [quando a esmola é grande, o pobre desconfia.]","Relacionando com o título, quão engraçado é cada provérbio? [quando a passarada berra, o marinheiro procura terra.]","Relacionando com o título, quão engraçado é cada provérbio? [é a fome e o frio que põe a lebre a caminho.]","Relacionando com o título, quão engraçado é cada provérbio? [nem tanto ao mar nem tanto à terra.]","Relacionando com o título, quão engraçado é cada provérbio? [boa noite após mau tempo, traz depressa chuva ou vento.]","Relacionando com o título, quão engraçado é cada provérbio? [é mais abjecto que o miserável, quem lhe insulta a desgraça.]","Como avaliaria a relação entre os provérbios e a notícia? [em questões de amor e bravura, os que mais roncam são os que menos fazem.]","Como avaliaria a relação entre os provérbios e a notícia? [quem diz o que quer, ouve o que não quer.]","Como avaliaria a relação entre os provérbios e a notícia? [na boda dos pobres, tudo são vozes.]","Como avaliaria a relação entre os provérbios e a notícia? [fica tudo como dantes, quartel-general em Abrantes.]",Como avaliaria a relação entre os provérbios e a notícia? [sem nuvens o céu e estrelas sem brilho verás que a tormenta te põe num sarilho.],"Relacionando com o título, quão engraçado é cada provérbio? [em questões de amor e bravura, os que mais roncam são os que menos fazem.]","Relacionando com o título, quão engraçado é cada provérbio? [quem diz o que quer, ouve o que não quer.]","Relacionando com o título, quão engraçado é cada provérbio? [na boda dos pobres, tudo são vozes.]","Relacionando com o título, quão engraçado é cada provérbio? [fica tudo como dantes, quartel-general em Abrantes.]","Relacionando com o título, quão engraçado é cada provérbio? [sem nuvens o céu e estrelas sem brilho verás que a tormenta te põe num sarilho.]",Como avaliaria a relação entre os provérbios e a notícia? [de tostão em tostão se faz um milhão.],"Como avaliaria a relação entre os provérbios e a notícia? [quando de faz uma panela, faz-se o testo para ela.]",Como avaliaria a relação entre os provérbios e a notícia? [sem nuvens o céu e estrelas sem brilho verás que a tormenta te põe num sarilho.],Como avaliaria a relação entre os provérbios e a notícia? [mais vale ter um pássaro na mão do que dois a voar.],"Como avaliaria a relação entre os provérbios e a notícia? [há mar e mar, há ir e voltar.]","Como avaliaria a relação entre os provérbios e a notícia? [vermelho nascente que pronto descora, tempo de chuva que está p'ra demora.]",Como avaliaria a relação entre os provérbios e a notícia? [quem tem telhado de vidro não atira pedras ao do vizinho.],"Relacionando com o título, quão engraçado é cada provérbio? [de tostão em tostão se faz um milhão.]","Relacionando com o título, quão engraçado é cada provérbio? [quando de faz uma panela, faz-se o testo para ela.]","Relacionando com o título, quão engraçado é cada provérbio? [sem nuvens o céu e estrelas sem brilho verás que a tormenta te põe num sarilho.]","Relacionando com o título, quão engraçado é cada provérbio? [mais vale ter um pássaro na mão do que dois a voar.]","Relacionando com o título, quão engraçado é cada provérbio? [há mar e mar, há ir e voltar.]","Relacionando com o título, quão engraçado é cada provérbio? [vermelho nascente que pronto descora, tempo de chuva que está p'ra demora.]","Relacionando com o título, quão engraçado é cada provérbio? [quem tem telhado de vidro não atira pedras ao do vizinho.]",Como avaliaria a relação entre os provérbios e a notícia? [antes dentes que parentes.],"Como avaliaria a relação entre os provérbios e a notícia? [carne que baste, vinho que farte, pão que sobre.]","Como avaliaria a relação entre os provérbios e a notícia? [barcos virão, novas trarão.]","Como avaliaria a relação entre os provérbios e a notícia? [em questões de amor e bravura, os que mais roncam são os que menos fazem.]",Como avaliaria a relação entre os provérbios e a notícia? [esta vida são dois dias e o Carnaval são três.],Como avaliaria a relação entre os provérbios e a notícia? [muitos comandantes levam o navio pela encosta acima.],"Relacionando com o título, quão engraçado é cada provérbio? [antes dentes que parentes.]","Relacionando com o título, quão engraçado é cada provérbio? [carne que baste, vinho que farte, pão que sobre.]","Relacionando com o título, quão engraçado é cada provérbio? [barcos virão, novas trarão.]","Relacionando com o título, quão engraçado é cada provérbio? [em questões de amor e bravura, os que mais roncam são os que menos fazem.]","Relacionando com o título, quão engraçado é cada provérbio? [esta vida são dois dias e o Carnaval são três.]","Relacionando com o título, quão engraçado é cada provérbio? [muitos comandantes levam o navio pela encosta acima.]","Como avaliaria a relação entre os provérbios e a notícia? [para conhecer os homens, é preciso ter sofrido.]","Como avaliaria a relação entre os provérbios e a notícia? [quem não é para comer, não é para trabalhar.]",Como avaliaria a relação entre os provérbios e a notícia? [saber demasiado é envelhecer precocemente.],"Como avaliaria a relação entre os provérbios e a notícia? [para baixo todos os santos ajudam, para cima é que as coisas mudam.]","Como avaliaria a relação entre os provérbios e a notícia? [nada é tão bem empregado, como aquilo que se dá aos que precisam.]",Como avaliaria a relação entre os provérbios e a notícia? [os vivos são sempre e cada vez mais governados pelos mais vivos.],Como avaliaria a relação entre os provérbios e a notícia? [não deixe para amanhã o que você pode fazer hoje.],"Relacionando com o título, quão engraçado é cada provérbio? [para conhecer os homens, é preciso ter sofrido.]","Relacionando com o título, quão engraçado é cada provérbio? [quem não é para comer, não é para trabalhar.]","Relacionando com o título, quão engraçado é cada provérbio? [saber demasiado é envelhecer precocemente.]","Relacionando com o título, quão engraçado é cada provérbio? [para baixo todos os santos ajudam, para cima é que as coisas mudam.]","Relacionando com o título, quão engraçado é cada provérbio? [nada é tão bem empregado, como aquilo que se dá aos que precisam.]","Relacionando com o título, quão engraçado é cada provérbio? [os vivos são sempre e cada vez mais governados pelos mais vivos.]","Relacionando com o título, quão engraçado é cada provérbio? [não deixe para amanhã o que você pode fazer hoje.]",Como avaliaria a relação entre os provérbios e a notícia? [o tempo que vai não volta.],Como avaliaria a relação entre os provérbios e a notícia? [mais vale um que bem mande do que dois que mal façam.],"Como avaliaria a relação entre os provérbios e a notícia? [quem vai, vai, quem está, está.]","Como avaliaria a relação entre os provérbios e a notícia? [mais do que o dado, vale a maneira de o dar.]",Como avaliaria a relação entre os provérbios e a notícia? [a água é tão útil às plantas como o alimento aos animais.],Como avaliaria a relação entre os provérbios e a notícia? [mais vale prevenir do que remediar.],"Como avaliaria a relação entre os provérbios e a notícia? [amigos que desaparecem, esquecem.]","Como avaliaria a relação entre os provérbios e a notícia? [não ponhas dúvidas, nem faças contendas sem que saibas a quem te diriges.]","Relacionando com o título, quão engraçado é cada provérbio? [o tempo que vai não volta.]","Relacionando com o título, quão engraçado é cada provérbio? [mais vale um que bem mande do que dois que mal façam.]","Relacionando com o título, quão engraçado é cada provérbio? [quem vai, vai, quem está, está.]","Relacionando com o título, quão engraçado é cada provérbio? [mais do que o dado, vale a maneira de o dar.]","Relacionando com o título, quão engraçado é cada provérbio? [a água é tão útil às plantas como o alimento aos animais.]","Relacionando com o título, quão engraçado é cada provérbio? [mais vale prevenir do que remediar.]","Relacionando com o título, quão engraçado é cada provérbio? [amigos que desaparecem, esquecem.]","Relacionando com o título, quão engraçado é cada provérbio? [não ponhas dúvidas, nem faças contendas sem que saibas a quem te diriges.]",Como avaliaria a relação entre os provérbios e a notícia? [guardado está o bocado para quem o há de comer.],Como avaliaria a relação entre os provérbios e a notícia? [a palavra é de prata e o silêncio é de ouro.],Como avaliaria a relação entre os provérbios e a notícia? [ouro é o que ouro vale.],Como avaliaria a relação entre os provérbios e a notícia? [a verdade na arte é apenas a sinceridade das impressões do artista.],"Como avaliaria a relação entre os provérbios e a notícia? [março, marçagão, manhã de inverno, tarde de verão.]","Como avaliaria a relação entre os provérbios e a notícia? [manhã de nevoeiro, tarde de calmeiro.]",Como avaliaria a relação entre os provérbios e a notícia? [a boca do ambicioso só se fecha com terra de sepultura.],"Relacionando com o título, quão engraçado é cada provérbio? [guardado está o bocado para quem o há de comer.]","Relacionando com o título, quão engraçado é cada provérbio? [a palavra é de prata e o silêncio é de ouro.]","Relacionando com o título, quão engraçado é cada provérbio? [ouro é o que ouro vale.]","Relacionando com o título, quão engraçado é cada provérbio? [a verdade na arte é apenas a sinceridade das impressões do artista.]","Relacionando com o título, quão engraçado é cada provérbio? [março, marçagão, manhã de inverno, tarde de verão.]","Relacionando com o título, quão engraçado é cada provérbio? [manhã de nevoeiro, tarde de calmeiro.]","Relacionando com o título, quão engraçado é cada provérbio? [a boca do ambicioso só se fecha com terra de sepultura.]",Como avaliaria a relação entre os provérbios e a notícia? [dividir para reinar.],"Como avaliaria a relação entre os provérbios e a notícia? [a aversão é para o coração, o que a prevenção é para o espírito.]","Como avaliaria a relação entre os provérbios e a notícia? [quem não é para comer, não é para trabalhar.]","Como avaliaria a relação entre os provérbios e a notícia? [o Sol nasce para todos, e a sombra para poucos.]","Como avaliaria a relação entre os provérbios e a notícia? [janeiro geadeiro, Fevereiro rego cheio, Março coreiro, Abril águas mil caibam todas num barril, Maio amoroso, Junho calmoso e Julho ventoso, fazem o ano formoso.]",Como avaliaria a relação entre os provérbios e a notícia? [gato escaldado de água fria tem medo.],"Relacionando com o título, quão engraçado é cada provérbio? [dividir para reinar.]","Relacionando com o título, quão engraçado é cada provérbio? [a aversão é para o coração, o que a prevenção é para o espírito.]","Relacionando com o título, quão engraçado é cada provérbio? [quem não é para comer, não é para trabalhar.]","Relacionando com o título, quão engraçado é cada provérbio? [o Sol nasce para todos, e a sombra para poucos.]","Relacionando com o título, quão engraçado é cada provérbio? [janeiro geadeiro, Fevereiro rego cheio, Março coreiro, Abril águas mil caibam todas num barril, Maio amoroso, Junho calmoso e Julho ventoso, fazem o ano formoso.]","Relacionando com o título, quão engraçado é cada provérbio? [gato escaldado de água fria tem medo.]",Como avaliaria a relação entre os provérbios e a notícia? [o magnânimo tem por sua a honra dos seus.],"Como avaliaria a relação entre os provérbios e a notícia? [de Santa Luzia ao Natal, um salto de pardal, de Natal a Janeiro, um salto de carneiro.]","Como avaliaria a relação entre os provérbios e a notícia? [quem mais não pode, de sua mazela morre.]",Como avaliaria a relação entre os provérbios e a notícia? [dar a César o que é de César e a Deus o que é de Deus.],"Como avaliaria a relação entre os provérbios e a notícia? [a boa fé é uma moeda, que quase não tem curso no comércio da vida.]",Como avaliaria a relação entre os provérbios e a notícia? [o seguro morreu de velho e a previdência foi ao enterro.],Como avaliaria a relação entre os provérbios e a notícia? [cada cabeça sua sentença.],"Como avaliaria a relação entre os provérbios e a notícia? [se Deus não defende a cidade, debalde a vigiam seus guardas.]","Relacionando com o título, quão engraçado é cada provérbio? [o magnânimo tem por sua a honra dos seus.]","Relacionando com o título, quão engraçado é cada provérbio? [de Santa Luzia ao Natal, um salto de pardal, de Natal a Janeiro, um salto de carneiro.]","Relacionando com o título, quão engraçado é cada provérbio? [quem mais não pode, de sua mazela morre.]","Relacionando com o título, quão engraçado é cada provérbio? [dar a César o que é de César e a Deus o que é de Deus.]","Relacionando com o título, quão engraçado é cada provérbio? [a boa fé é uma moeda, que quase não tem curso no comércio da vida.]","Relacionando com o título, quão engraçado é cada provérbio? [o seguro morreu de velho e a previdência foi ao enterro.]","Relacionando com o título, quão engraçado é cada provérbio? [cada cabeça sua sentença.]","Relacionando com o título, quão engraçado é cada provérbio? [se Deus não defende a cidade, debalde a vigiam seus guardas.]",Como avaliaria a relação entre os provérbios e a notícia? [vai muito do dizer ao fazer.],"Como avaliaria a relação entre os provérbios e a notícia? [nove meses de Inverno, três de inferno.]",Como avaliaria a relação entre os provérbios e a notícia? [às três é de vez.],"Como avaliaria a relação entre os provérbios e a notícia? [vozes da aldeia, não crer nem em meia; vozes da cidade, a metade da metade.]",Como avaliaria a relação entre os provérbios e a notícia? [a ordem dos fatores não altera o produto.],Como avaliaria a relação entre os provérbios e a notícia? [quem tem telhados de vidro não atira pedras.],"Relacionando com o título, quão engraçado é cada provérbio? [vai muito do dizer ao fazer.]","Relacionando com o título, quão engraçado é cada provérbio? [nove meses de Inverno, três de inferno.]","Relacionando com o título, quão engraçado é cada provérbio? [às três é de vez.]","Relacionando com o título, quão engraçado é cada provérbio? [vozes da aldeia, não crer nem em meia; vozes da cidade, a metade da metade.]","Relacionando com o título, quão engraçado é cada provérbio? [a ordem dos fatores não altera o produto.]","Relacionando com o título, quão engraçado é cada provérbio? [quem tem telhados de vidro não atira pedras.]","[Opcional] Fazendo a fusão entre o título dado e um provérbio à sua escolha, que novo título sugeria?"
3,1,3,3,2,2,2,1,2,2,1,1,2,4,4,2,4,2,4,3,1,4,2,2,1,1,2,3,1,1,2,1,1,1,2,1,1,2,1,4,4,3,4,1,1,2,3,3,3,3,3,3,3,2,4,4,2,3,2,3,1,4,3,3,4,3,2,4,4,2,3,2,3,1,3,3,2,2,2,3,3,2,2,1,3,3,2,3,1,2,1,2,2,4,3,3,3,1,2,3,3,3,3,1,2,2,1,2,1,3,2,2,1,2,1,2,1,2,2,1,1,3,2,3,2,3,2,3,2,2,1,2,2
3,1,1,2,1,2,2,3,2,1,2,2,2,1,1,1,1,2,3,3,2,3,1,2,1,1,1,1,1,1,2,1,1,3,2,1,3,1,1,2,2,1,1,1,3,1,2,3,1,1,1,1,1,1,1,4,2,3,3,4,3,2,3,3,1,1,2,4,4,2,3,2,1,3,1,3,2,2,4,1,3,2,1,1,1,2,1,4,1,1,1,3,4,3,3,2,1,1,1,2,1,3,2,1,3,2,3,2,3,3,1,1,2,2,2,1,2,1,1,2,1,2,3,2,1,2,1,4,2,4,1,3,2
3,2,4,4,2,2,3,1,4,3,1,1,3,4,4,2,3,1,4,3,1,4,1,4,3,1,1,1,1,1,3,4,1,1,1,1,1,3,4,4,3,2,3,2,4,3,3,2,3,1,2,1,4,2,4,4,1,4,2,4,2,2,2,4,3,1,1,1,4,2,1,1,4,2,2,2,2,2,2,1,1,1,1,1,3,3,1,1,1,1,1,3,3,4,1,2,3,2,3,3,2,2,3,4,3,3,1,1,1,3,3,1,1,2,1,1,1,2,2,1,1,4,2,2,3,2,1,4,2,2,3,2,1
3,1,3,4,2,3,1,1,4,3,2,2,2,3,2,3,3,2,3,2,2,3,2,2,2,2,3,4,3,2,2,3,2,2,3,4,3,2,3,3,3,3,2,3,4,2,3,3,2,3,2,2,4,2,4,4,3,3,2,4,2,3,2,4,3,1,2,3,3,1,2,3,2,2,2,2,2,1,1,2,2,3,3,2,3,3,2,1,2,2,2,3,3,4,3,3,4,3,2,3,2,3,2,2,3,3,2,2,3,3,3,3,3,2,2,3,2,2,3,4,3,3,3,2,2,2,3,2,3,2,3,2,2
4,Como avaliaria a relação entre os provérbios e a notícia? [a água de Janeiro vale dinheiro.],"Como avaliaria a relação entre os provérbios e a notícia? [de médico, de sábio e de louco todos temos um pouco.]","Como avaliaria a relação entre os provérbios e a notícia? [quem faz de si, lixo, pisam-no as galinhas.]",Como avaliaria a relação entre os provérbios e a notícia? [a ordem dos fatores não altera o produto.],Como avaliaria a relação entre os provérbios e a notícia? [os fins (não) justificam os meios.],"Como avaliaria a relação entre os provérbios e a notícia? [vozes da aldeia, não crer nem em meia; vozes da cidade, a metade da metade.]","Como avaliaria a relação entre os provérbios e a notícia? [quem ovos vende e galinhas não tem, de algum lado eles vêm.]",Como avaliaria a relação entre os provérbios e a notícia? [a boca do ambicioso só se fecha com terra de sepultura.],"Relacionando com o título, quão engraçado é cada provérbio? [a água de Janeiro vale dinheiro.]","Relacionando com o título, quão engraçado é cada provérbio? [de médico, de sábio e de louco todos temos um pouco.]","Relacionando com o título, quão engraçado é cada provérbio? [quem faz de si, lixo, pisam-no as galinhas.]","Relacionando com o título, quão engraçado é cada provérbio? [a ordem dos fatores não altera o produto.]","Relacionando com o título, quão engraçado é cada provérbio? [os fins (não) justificam os meios.]","Relacionando com o título, quão engraçado é cada provérbio? [vozes da aldeia, não crer nem em meia; vozes da cidade, a metade da metade.]","Relacionando com o título, quão engraçado é cada provérbio? [quem ovos vende e galinhas não tem, de algum lado eles vêm.]","Relacionando com o título, quão engraçado é cada provérbio? [a boca do ambicioso só se fecha com terra de sepultura.]","Relacionando com o título, quão engraçado é cada provérbio? [Row 9]",Como avaliaria a relação entre os provérbios e a notícia? [a ignorância é a mãe do atrevimento.],Como avaliaria a relação entre os provérbios e a notícia? [a grama é sempre mais verde do lado do vizinho.],"Como avaliaria a relação entre os provérbios e a notícia? [mais vale o calar do mundo, que o falar do mentiroso.]","Como avaliaria a relação entre os provérbios e a notícia? [mais do que o dado, vale a maneira de o dar.]",Como avaliaria a relação entre os provérbios e a notícia? [quem dá e torna a tirar ao inferno vai parar.],Como avaliaria a relação entre os provérbios e a notícia? [quem tem cem mas deve cem pouco tem.],Como avaliaria a relação entre os provérbios e a notícia? [a boca do ambicioso só se fecha com terra de sepultura.],"Relacionando com o título, quão engraçado é cada provérbio? [a ignorância é a mãe do atrevimento.]","Relacionando com o título, quão engraçado é cada provérbio? [a grama é sempre mais verde do lado do vizinho.]","Relacionando com o título, quão engraçado é cada provérbio? [mais vale o calar do mundo, que o falar do mentiroso.]","Relacionando com o título, quão engraçado é cada provérbio? [mais do que o dado, vale a maneira de o dar.]","Relacionando com o título, quão engraçado é cada provérbio? [quem dá e torna a tirar ao inferno vai parar.]","Relacionando com o título, quão engraçado é cada provérbio? [quem tem cem mas deve cem pouco tem.]","Relacionando com o título, quão engraçado é cada provérbio? [a boca do ambicioso só se fecha com terra de sepultura.]","Como avaliaria a relação entre os provérbios e a notícia? [gaivotas em terra, tempestade no mar.]",Como avaliaria a relação entre os provérbios e a notícia? [a culpa morre solteira.],Como avaliaria a relação entre os provérbios e a notícia? [na morte e na boda verás quem te honra.],Como avaliaria a relação entre os provérbios e a notícia? [nem tanto ao mar nem tanto à terra.],Como avaliaria a relação entre os provérbios e a notícia? [em Julho fazer vasculho.],"Como avaliaria a relação entre os provérbios e a notícia? [janeiro geadeiro, Fevereiro rego cheio, Março coreiro, Abril águas mil caibam todas num barril, Maio amoroso, Junho calmoso e Julho ventoso, fazem o ano formoso.]","Como avaliaria a relação entre os provérbios e a notícia? [poente nubloso, vermelho acobreado safa a japona, que o tempo é molhado.]","Relacionando com o título, quão engraçado é cada provérbio? [gaivotas em terra, tempestade no mar.]","Relacionando com o título, quão engraçado é cada provérbio? [a culpa morre solteira.]","Relacionando com o título, quão engraçado é cada provérbio? [na morte e na boda verás quem te honra.]","Relacionando com o título, quão engraçado é cada provérbio? [nem tanto ao mar nem tanto à terra.]","Relacionando com o título, quão engraçado é cada provérbio? [em Julho fazer vasculho.]","Relacionando com o título, quão engraçado é cada provérbio? [janeiro geadeiro, Fevereiro rego cheio, Março coreiro, Abril águas mil caibam todas num barril, Maio amoroso, Junho calmoso e Julho ventoso, fazem o ano formoso.]","Relacionando com o título, quão engraçado é cada provérbio? [poente nubloso, vermelho acobreado safa a japona, que o tempo é molhado.]",Como avaliaria a relação entre os provérbios e a notícia? [mais vale um pássaro na mão do que dois a voar.],"Como avaliaria a relação entre os provérbios e a notícia? [de médico, de sábio e de louco todos temos um pouco.]",Como avaliaria a relação entre os provérbios e a notícia? [mais vale um gosto na vida que seis reis na algibeira.],Como avaliaria a relação entre os provérbios e a notícia? [criados e bois - nem menos de um ano nem mais de dois.],"Como avaliaria a relação entre os provérbios e a notícia? [zombai do tolo em casa, zombará convosco na praça.]",Como avaliaria a relação entre os provérbios e a notícia? [a ignorância força-nos a fazer duas vezes o mesmo caminho.],"Relacionando com o título, quão engraçado é cada provérbio? [mais vale um pássaro na mão do que dois a voar.]","Relacionando com o título, quão engraçado é cada provérbio? [de médico, de sábio e de louco todos temos um pouco.]","Relacionando com o título, quão engraçado é cada provérbio? [mais vale um gosto na vida que seis reis na algibeira.]","Relacionando com o título, quão engraçado é cada provérbio? [criados e bois - nem menos de um ano nem mais de dois.]","Relacionando com o título, quão engraçado é cada provérbio? [zombai do tolo em casa, zombará convosco na praça.]","Relacionando com o título, quão engraçado é cada provérbio? [a ignorância força-nos a fazer duas vezes o mesmo caminho.]",Como avaliaria a relação entre os provérbios e a notícia? [nas costas dos outros vejo as minhas.],"Como avaliaria a relação entre os provérbios e a notícia? [nove meses de Inverno, três de inferno.]","Como avaliaria a relação entre os provérbios e a notícia? [mulher que nas juras de homem se fia, chora de noite e de dia.]",Como avaliaria a relação entre os provérbios e a notícia? [às três é de vez.],Como avaliaria a relação entre os provérbios e a notícia? [a ordem dos fatores não altera o produto.],Como avaliaria a relação entre os provérbios e a notícia? [nunca desprezes as dádivas de hoje pelas promessas de amanhã.],Como avaliaria a relação entre os provérbios e a notícia? [quem tem telhados de vidro não atira pedras.],"Relacionando com o título, quão engraçado é cada provérbio? [nas costas dos outros vejo as minhas.]","Relacionando com o título, quão engraçado é cada provérbio? [nove meses de Inverno, três de inferno.]","Relacionando com o título, quão engraçado é cada provérbio? [mulher que nas juras de homem se fia, chora de noite e de dia.]","Relacionando com o título, quão engraçado é cada provérbio? [às três é de vez.]","Relacionando com o título, quão engraçado é cada provérbio? [a ordem dos fatores não altera o produto.]","Relacionando com o título, quão engraçado é cada provérbio? [nunca desprezes as dádivas de hoje pelas promessas de amanhã.]","Relacionando com o título, quão engraçado é cada provérbio? [quem tem telhados de vidro não atira pedras.]",Como avaliaria a relação entre os provérbios e a notícia? [uma mulher é sempre uma interrogação.],"Como avaliaria a relação entre os provérbios e a notícia? [quem quer faz, quem não quer manda.]","Como avaliaria a relação entre os provérbios e a notícia? [o ar que cada um se quer dar, não vale o que procura deixar.]",Como avaliaria a relação entre os provérbios e a notícia? [por uma besta dar um coice não se lhe corta uma perna.],Como avaliaria a relação entre os provérbios e a notícia? [o hábito é uma segunda Natureza.],"Como avaliaria a relação entre os provérbios e a notícia? [não destrua a árvore, para depois ter seu fruto.]","Como avaliaria a relação entre os provérbios e a notícia? [é mais abjecto que o miserável, quem lhe insulta a desgraça.]","Relacionando com o título, quão engraçado é cada provérbio? [uma mulher é sempre uma interrogação.]","Relacionando com o título, quão engraçado é cada provérbio? [quem quer faz, quem não quer manda.]","Relacionando com o título, quão engraçado é cada provérbio? [o ar que cada um se quer dar, não vale o que procura deixar.]","Relacionando com o título, quão engraçado é cada provérbio? [por uma besta dar um coice não se lhe corta uma perna.]","Relacionando com o título, quão engraçado é cada provérbio? [o hábito é uma segunda Natureza.]","Relacionando com o título, quão engraçado é cada provérbio? [não destrua a árvore, para depois ter seu fruto.]","Relacionando com o título, quão engraçado é cada provérbio? [é mais abjecto que o miserável, quem lhe insulta a desgraça.]",Como avaliaria a relação entre os provérbios e a notícia? [para trás mija a burra.],"Como avaliaria a relação entre os provérbios e a notícia? [a aversão é para o coração, o que a prevenção é para o espírito.]","Como avaliaria a relação entre os provérbios e a notícia? [abre o olho, que assam carne.]",Como avaliaria a relação entre os provérbios e a notícia? [é a fome e o frio que põe a lebre a caminho.],Como avaliaria a relação entre os provérbios e a notícia? [estar a olhar para qualquer coisa como um boi para um palácio.],"Como avaliaria a relação entre os provérbios e a notícia? [abrir a alma à ambição, é fecha-la ao sossego.]",Como avaliaria a relação entre os provérbios e a notícia? [Deus nunca fechou uma porta que não abrisse outra.],Como avaliaria a relação entre os provérbios e a notícia? [barriga vazia não conhece alegria.],"Relacionando com o título, quão engraçado é cada provérbio? [para trás mija a burra.]","Relacionando com o título, quão engraçado é cada provérbio? [a aversão é para o coração, o que a prevenção é para o espírito.]","Relacionando com o título, quão engraçado é cada provérbio? [abre o olho, que assam carne.]","Relacionando com o título, quão engraçado é cada provérbio? [é a fome e o frio que põe a lebre a caminho.]","Relacionando com o título, quão engraçado é cada provérbio? [estar a olhar para qualquer coisa como um boi para um palácio.]","Relacionando com o título, quão engraçado é cada provérbio? [abrir a alma à ambição, é fecha-la ao sossego.]","Relacionando com o título, quão engraçado é cada provérbio? [Deus nunca fechou uma porta que não abrisse outra.]","Relacionando com o título, quão engraçado é cada provérbio? [barriga vazia não conhece alegria.]",Como avaliaria a relação entre os provérbios e a notícia? [a palavra é de prata e o silêncio é de ouro.],Como avaliaria a relação entre os provérbios e a notícia? [a grama é sempre mais verde do lado do vizinho.],"Como avaliaria a relação entre os provérbios e a notícia? [barcos virão, novas trarão.]","Como avaliaria a relação entre os provérbios e a notícia? [mais do que o dado, vale a maneira de o dar.]",Como avaliaria a relação entre os provérbios e a notícia? [quem vai ao mar perde o lugar.],Como avaliaria a relação entre os provérbios e a notícia? [não vendas a pele do urso antes de o matar.],"Como avaliaria a relação entre os provérbios e a notícia? [mais vale pão duro, que nenhum.]",Como avaliaria a relação entre os provérbios e a notícia? [de grão em grão a galinha enche o papo.],"Relacionando com o título, quão engraçado é cada provérbio? [a palavra é de prata e o silêncio é de ouro.]","Relacionando com o título, quão engraçado é cada provérbio? [a grama é sempre mais verde do lado do vizinho.]","Relacionando com o título, quão engraçado é cada provérbio? [barcos virão, novas trarão.]","Relacionando com o título, quão engraçado é cada provérbio? [mais do que o dado, vale a maneira de o dar.]","Relacionando com o título, quão engraçado é cada provérbio? [quem vai ao mar perde o lugar.]","Relacionando com o título, quão engraçado é cada provérbio? [não vendas a pele do urso antes de o matar.]","Relacionando com o título, quão engraçado é cada provérbio? [mais vale pão duro, que nenhum.]","Relacionando com o título, quão engraçado é cada provérbio? [de grão em grão a galinha enche o papo.]",Como avaliaria a relação entre os provérbios e a notícia? [não contes com o ovo no cu da galinha.],Como avaliaria a relação entre os provérbios e a notícia? [a palavra é de prata e o silêncio é de ouro.],Como avaliaria a relação entre os provérbios e a notícia? [com um olho no burro e o outro no cigano.],Como avaliaria a relação entre os provérbios e a notícia? [mais vale ser rabo de pescada que cabeça de sardinha.],Como avaliaria a relação entre os provérbios e a notícia? [cão que levou mordida de cobra tem medo de salsicha.],"Relacionando com o título, quão engraçado é cada provérbio? [não contes com o ovo no cu da galinha.]","Relacionando com o título, quão engraçado é cada provérbio? [com um olho no burro e o outro no cigano.]","Relacionando com o título, quão engraçado é cada provérbio? [a palavra é de prata e o silêncio é de ouro.]","Relacionando com o título, quão engraçado é cada provérbio? [mais vale ser rabo de pescada que cabeça de sardinha.]","Relacionando com o título, quão engraçado é cada provérbio? [cão que levou mordida de cobra tem medo de salsicha.]",Como avaliaria a relação entre os provérbios e a notícia? [o magnânimo tem por sua a honra dos seus.],"Como avaliaria a relação entre os provérbios e a notícia? [de Santa Luzia ao Natal, um salto de pardal, de Natal a Janeiro, um salto de carneiro.]","Como avaliaria a relação entre os provérbios e a notícia? [o ódio dos maus, honra o homem de bem.]",Como avaliaria a relação entre os provérbios e a notícia? [foge o diabo da cruz e o morcego da luz.],"Como avaliaria a relação entre os provérbios e a notícia? [o maior revés nada vale, quando a honra fica de pé.]",Como avaliaria a relação entre os provérbios e a notícia? [a lisonja é incompatível com a nobreza de carácter.],"Como avaliaria a relação entre os provérbios e a notícia? [lua com halo de grande aparato, É molha certa prá gente de quarto.]",Como avaliaria a relação entre os provérbios e a notícia? [a boca do ambicioso só se fecha com terra de sepultura.],"Relacionando com o título, quão engraçado é cada provérbio? [o magnânimo tem por sua a honra dos seus.]","Relacionando com o título, quão engraçado é cada provérbio? [de Santa Luzia ao Natal, um salto de pardal, de Natal a Janeiro, um salto de carneiro.]","Relacionando com o título, quão engraçado é cada provérbio? [o ódio dos maus, honra o homem de bem.]","Relacionando com o título, quão engraçado é cada provérbio? [foge o diabo da cruz e o morcego da luz.]","Relacionando com o título, quão engraçado é cada provérbio? [o maior revés nada vale, quando a honra fica de pé.]","Relacionando com o título, quão engraçado é cada provérbio? [a lisonja é incompatível com a nobreza de carácter.]","Relacionando com o título, quão engraçado é cada provérbio? [lua com halo de grande aparato, É molha certa prá gente de quarto.]","Relacionando com o título, quão engraçado é cada provérbio? [a boca do ambicioso só se fecha com terra de sepultura.]","[Opcional] Fazendo a fusão entre o título dado e um provérbio à sua escolha, que novo título sugeria?"
4,4,2,4,1,3,1,3,1,4,3,4,1,1,3,3,1,1,4,3,3,1,1,1,2,4,4,3,2,3,1,2,4,4,2,3,1,3,3,4,4,4,3,2,3,2,3,3,1,2,1,4,4,4,3,2,2,4,2,4,2,1,1,3,1,4,4,2,4,1,3,4,1,4,4,2,2,4,2,3,4,4,2,2,4,2,1,1,1,3,1,1,3,3,4,4,3,3,4,3,3,3,3,1,3,4,3,3,3,3,4,4,3,4,4,4,3,4,1,2,2,2,2,4,3,2,2,2,3,2,2,2,2,2,2,2,4,1,1,1,1,1,1,1
4,1,2,4,1,3,1,1,2,1,1,3,1,1,1,1,2,4,3,1,1,1,1,1,1,3,1,1,1,1,1,1,1,4,1,2,1,2,1,2,1,1,2,1,1,1,1,1,1,1,1,1,1,1,1,1,1,1,2,3,1,2,1,4,1,1,2,1,1,1,2,1,3,2,3,2,3,2,1,4,2,3,4,3,2,1,1,1,3,4,1,3,3,3,4,2,2,4,1,2,2,2,1,1,3,2,3,2,1,4,1,2,4,2,4,3,1,4,1,1,1,1,1,4,4,4,4,4,4,1,3,1,4,2,1,1,2,1,3,1,2,1,1,1
4,2,4,4,1,1,3,2,3,2,4,3,1,1,2,3,4,1,4,3,4,2,1,1,3,4,4,4,2,3,2,3,4,4,2,2,2,1,1,4,4,4,2,2,1,2,2,2,1,2,1,1,3,2,2,3,2,2,2,4,2,1,3,4,4,4,4,3,2,2,3,4,4,4,2,3,3,3,2,4,4,3,4,2,2,3,4,2,1,3,2,4,2,3,4,4,3,4,3,2,2,3,2,3,3,3,2,3,2,3,3,3,3,3,3,3,3,3,2,4,3,3,2,4,4,3,3,4,4,2,3,2,3,4,2,3,3,2,2,3,2,2,4,3
4,2,4,4,1,1,3,2,3,2,4,3,1,1,2,3,4,1,4,3,4,2,1,1,3,4,4,4,2,3,2,3,4,4,2,2,2,1,1,4,4,4,2,2,1,2,2,2,1,2,1,1,3,2,2,3,2,2,2,4,2,1,3,4,4,4,4,3,2,2,3,4,4,4,2,3,3,3,2,4,4,3,4,2,2,3,4,2,1,3,2,4,2,3,4,4,3,4,3,2,2,3,2,3,3,3,2,3,2,3,3,3,3,3,3,3,3,3,2,4,3,3,2,4,4,3,3,4,4,2,3,2,3,4,2,3,3,2,2,3,2,2,4,3
5,Como avaliaria a relação entre os provérbios e a notícia? [a esperteza do tolo sempre redunda em velhacaria.],Como avaliaria a relação entre os provérbios e a notícia? [a grama é sempre mais verde do lado do vizinho.],"Como avaliaria a relação entre os provérbios e a notícia? [mais vale o calar do mundo, que o falar do mentiroso.]","Como avaliaria a relação entre os provérbios e a notícia? [desconfiai de vós, dos homens e do mundo, mas confiai em Deus.]",Como avaliaria a relação entre os provérbios e a notícia? [santos da casa não fazem milagres.],"Como avaliaria a relação entre os provérbios e a notícia? [de Santa Luzia ao Natal, um salto de pardal, de Natal a Janeiro, um salto de carneiro.]","Como avaliaria a relação entre os provérbios e a notícia? [junho calmoso, ano formoso.]",Como avaliaria a relação entre os provérbios e a notícia? [não suba o sapateiro além da chinela.],"Relacionando com o título, quão engraçado é cada provérbio? [a esperteza do tolo sempre redunda em velhacaria.]","Relacionando com o título, quão engraçado é cada provérbio? [a grama é sempre mais verde do lado do vizinho.]","Relacionando com o título, quão engraçado é cada provérbio? [mais vale o calar do mundo, que o falar do mentiroso.]","Relacionando com o título, quão engraçado é cada provérbio? [desconfiai de vós, dos homens e do mundo, mas confiai em Deus.]","Relacionando com o título, quão engraçado é cada provérbio? [santos da casa não fazem milagres.]","Relacionando com o título, quão engraçado é cada provérbio? [de Santa Luzia ao Natal, um salto de pardal, de Natal a Janeiro, um salto de carneiro.]","Relacionando com o título, quão engraçado é cada provérbio? [junho calmoso, ano formoso.]","Relacionando com o título, quão engraçado é cada provérbio? [não suba o sapateiro além da chinela.]",Como avaliaria a relação entre os provérbios e a notícia? [gato escondido com o rabo de fora.],Como avaliaria a relação entre os provérbios e a notícia? [a lisonja é incompatível com a nobreza de carácter.],"Como avaliaria a relação entre os provérbios e a notícia? [se não vejo pelos meus olhos, vejo pelos meus óculos.]",Como avaliaria a relação entre os provérbios e a notícia? [a boca do ambicioso só se fecha com terra de sepultura.],Como avaliaria a relação entre os provérbios e a notícia? [a criança é com os arbustosinhos; também precisa de um arrimo.],"Como avaliaria a relação entre os provérbios e a notícia? [casa de pais, escola de filhos.]","Como avaliaria a relação entre os provérbios e a notícia? [lua com halo de grande aparato, É molha certa prá gente de quarto.]",Como avaliaria a relação entre os provérbios e a notícia? [nuvem comprida que se desfia sinal de grande ventania.],"Relacionando com o título, quão engraçado é cada provérbio? [gato escondido com o rabo de fora.]","Relacionando com o título, quão engraçado é cada provérbio? [a lisonja é incompatível com a nobreza de carácter.]","Relacionando com o título, quão engraçado é cada provérbio? [se não vejo pelos meus olhos, vejo pelos meus óculos.]","Relacionando com o título, quão engraçado é cada provérbio? [a boca do ambicioso só se fecha com terra de sepultura.]","Relacionando com o título, quão engraçado é cada provérbio? [a criança é com os arbustosinhos; também precisa de um arrimo.]","Relacionando com o título, quão engraçado é cada provérbio? [casa de pais, escola de filhos.]","Relacionando com o título, quão engraçado é cada provérbio? [lua com halo de grande aparato, É molha certa prá gente de quarto.]","Relacionando com o título, quão engraçado é cada provérbio? [nuvem comprida que se desfia sinal de grande ventania.]",Como avaliaria a relação entre os provérbios e a notícia? [de pequenino se constrói o destino.],Como avaliaria a relação entre os provérbios e a notícia? [de manhã é que começa o dia.],"Como avaliaria a relação entre os provérbios e a notícia? [o que se não faz no dia da romaria, faz-se no outro dia.]",Como avaliaria a relação entre os provérbios e a notícia? [a boca do ambicioso só se fecha com terra de sepultura.],"Como avaliaria a relação entre os provérbios e a notícia? [o testamento do pobre é breve, na unha se escreve.]","Como avaliaria a relação entre os provérbios e a notícia? [vento sudoeste mansinho e panga É de tremer dele, quando se zanga.]","Como avaliaria a relação entre os provérbios e a notícia? [poucos fuzis, trovões em barda, rumo em que o vento se alaparda.]","Relacionando com o título, quão engraçado é cada provérbio? [de pequenino se constrói o destino.]","Relacionando com o título, quão engraçado é cada provérbio? [de manhã é que começa o dia.]","Relacionando com o título, quão engraçado é cada provérbio? [o que se não faz no dia da romaria, faz-se no outro dia.]","Relacionando com o título, quão engraçado é cada provérbio? [a boca do ambicioso só se fecha com terra de sepultura.]","Relacionando com o título, quão engraçado é cada provérbio? [o testamento do pobre é breve, na unha se escreve.]","Relacionando com o título, quão engraçado é cada provérbio? [vento sudoeste mansinho e panga É de tremer dele, quando se zanga.]","Relacionando com o título, quão engraçado é cada provérbio? [poucos fuzis, trovões em barda, rumo em que o vento se alaparda.]","Como avaliaria a relação entre os provérbios e a notícia? [quando de faz uma panela, faz-se o testo para ela.]","Como avaliaria a relação entre os provérbios e a notícia? [de médico, de sábio e de louco todos temos um pouco.]","Como avaliaria a relação entre os provérbios e a notícia? [não sou rio, para não voltar atraz.]","Como avaliaria a relação entre os provérbios e a notícia? [desconfiai de vós, dos homens e do mundo, mas confiai em Deus.]","Como avaliaria a relação entre os provérbios e a notícia? [de médico, de sábio e de louco todos temos um pouco.]",Como avaliaria a relação entre os provérbios e a notícia? [mais vale ser rabo de pescada que cabeça de sardinha.],"Como avaliaria a relação entre os provérbios e a notícia? [poente nubloso, vermelho acobreado safa a japona, que o tempo é molhado.]","Relacionando com o título, quão engraçado é cada provérbio? [quando de faz uma panela, faz-se o testo para ela.]","Relacionando com o título, quão engraçado é cada provérbio? [de médico, de sábio e de louco todos temos um pouco.]","Relacionando com o título, quão engraçado é cada provérbio? [não sou rio, para não voltar atraz.]","Relacionando com o título, quão engraçado é cada provérbio? [desconfiai de vós, dos homens e do mundo, mas confiai em Deus.]","Relacionando com o título, quão engraçado é cada provérbio? [de médico, de sábio e de louco todos temos um pouco.]","Relacionando com o título, quão engraçado é cada provérbio? [mais vale ser rabo de pescada que cabeça de sardinha.]","Relacionando com o título, quão engraçado é cada provérbio? [poente nubloso, vermelho acobreado safa a japona, que o tempo é molhado.]",Como avaliaria a relação entre os provérbios e a notícia? [mais vale um pássaro na mão do que dois a voar.],Como avaliaria a relação entre os provérbios e a notícia? [cada um é para o que nasce.],"Como avaliaria a relação entre os provérbios e a notícia? [pregar no deserto, é sermão perdido.]","Como avaliaria a relação entre os provérbios e a notícia? [mais do que o dado, vale a maneira de o dar.]",Como avaliaria a relação entre os provérbios e a notícia? [quem o seu cão quer matar chama-lhe raivoso.],"Como avaliaria a relação entre os provérbios e a notícia? [à boda do ferreiro, cada um com o seu dinheiro.]","Como avaliaria a relação entre os provérbios e a notícia? [para um mau profissional, nenhuma ferramenta lhe serve.]","Como avaliaria a relação entre os provérbios e a notícia? [coube sempre o melhor quinhão, a quem mais força teve, e não razão.]","Relacionando com o título, quão engraçado é cada provérbio? [mais vale um pássaro na mão do que dois a voar.]","Relacionando com o título, quão engraçado é cada provérbio? [cada um é para o que nasce.]","Relacionando com o título, quão engraçado é cada provérbio? [pregar no deserto, é sermão perdido.]","Relacionando com o título, quão engraçado é cada provérbio? [mais do que o dado, vale a maneira de o dar.]","Relacionando com o título, quão engraçado é cada provérbio? [quem o seu cão quer matar chama-lhe raivoso.]","Relacionando com o título, quão engraçado é cada provérbio? [à boda do ferreiro, cada um com o seu dinheiro.]","Relacionando com o título, quão engraçado é cada provérbio? [para um mau profissional, nenhuma ferramenta lhe serve.]","Relacionando com o título, quão engraçado é cada provérbio? [coube sempre o melhor quinhão, a quem mais força teve, e não razão.]",Como avaliaria a relação entre os provérbios e a notícia? [a beleza está nos olhos de quem vê.],"Como avaliaria a relação entre os provérbios e a notícia? [o que se não faz no dia da romaria, faz-se no outro dia.]",Como avaliaria a relação entre os provérbios e a notícia? [mais vale um pássaro na mão do que dois a voar.],"Como avaliaria a relação entre os provérbios e a notícia? [dois pardais numa espiga, nunca fazem liga.]","Como avaliaria a relação entre os provérbios e a notícia? [a amenidade no semblante, anuncia a bondade do coração.]","Como avaliaria a relação entre os provérbios e a notícia? [quem tem sangue, faz chouriços.]",Como avaliaria a relação entre os provérbios e a notícia? [miragem que espante vento do levante.],"Relacionando com o título, quão engraçado é cada provérbio? [a beleza está nos olhos de quem vê.]","Relacionando com o título, quão engraçado é cada provérbio? [o que se não faz no dia da romaria, faz-se no outro dia.]","Relacionando com o título, quão engraçado é cada provérbio? [mais vale um pássaro na mão do que dois a voar.]","Relacionando com o título, quão engraçado é cada provérbio? [dois pardais numa espiga, nunca fazem liga.]","Relacionando com o título, quão engraçado é cada provérbio? [a amenidade no semblante, anuncia a bondade do coração.]","Relacionando com o título, quão engraçado é cada provérbio? [quem tem sangue, faz chouriços.]","Relacionando com o título, quão engraçado é cada provérbio? [miragem que espante vento do levante.]","Como avaliaria a relação entre os provérbios e a notícia? [quando de faz uma panela, faz-se o testo para ela.]","Como avaliaria a relação entre os provérbios e a notícia? [senhoria de Itália, Dom de Espanha - não valem uma castanha.]",Como avaliaria a relação entre os provérbios e a notícia? [uma mulher é sempre uma interrogação.],"Como avaliaria a relação entre os provérbios e a notícia? [mais vale uma vista do dono, que cem brados do abegão.]","Como avaliaria a relação entre os provérbios e a notícia? [poente nubloso, vermelho acobreado safa a japona, que o tempo é molhado.]","Relacionando com o título, quão engraçado é cada provérbio? [quando de faz uma panela, faz-se o testo para ela.]","Relacionando com o título, quão engraçado é cada provérbio? [senhoria de Itália, Dom de Espanha - não valem uma castanha.]","Relacionando com o título, quão engraçado é cada provérbio? [uma mulher é sempre uma interrogação.]","Relacionando com o título, quão engraçado é cada provérbio? [mais vale uma vista do dono, que cem brados do abegão.]","Relacionando com o título, quão engraçado é cada provérbio? [poente nubloso, vermelho acobreado safa a japona, que o tempo é molhado.]",Como avaliaria a relação entre os provérbios e a notícia? [sol de Janeiro dá que fazer ao coveiro.],"Como avaliaria a relação entre os provérbios e a notícia? [mais do que o dado, vale a maneira de o dar.]","Como avaliaria a relação entre os provérbios e a notícia? [ninguém seria vendeiro, se não fosse o dinheiro.]",Como avaliaria a relação entre os provérbios e a notícia? [dar a César o que é de César e a Deus o que é de Deus.],"Como avaliaria a relação entre os provérbios e a notícia? [longe da vista, longe do coração.]",Como avaliaria a relação entre os provérbios e a notícia? [do alto cai quem alto sobe.],"Como avaliaria a relação entre os provérbios e a notícia? [de Santa Luzia ao Natal, um salto de pardal, de Natal a Janeiro, um salto de carneiro.]","Relacionando com o título, quão engraçado é cada provérbio? [sol de Janeiro dá que fazer ao coveiro.]","Relacionando com o título, quão engraçado é cada provérbio? [mais do que o dado, vale a maneira de o dar.]","Relacionando com o título, quão engraçado é cada provérbio? [ninguém seria vendeiro, se não fosse o dinheiro.]","Relacionando com o título, quão engraçado é cada provérbio? [dar a César o que é de César e a Deus o que é de Deus.]","Relacionando com o título, quão engraçado é cada provérbio? [longe da vista, longe do coração.]","Relacionando com o título, quão engraçado é cada provérbio? [do alto cai quem alto sobe.]","Relacionando com o título, quão engraçado é cada provérbio? [de Santa Luzia ao Natal, um salto de pardal, de Natal a Janeiro, um salto de carneiro.]",Como avaliaria a relação entre os provérbios e a notícia? [os amigos são para as ocasiões.],Como avaliaria a relação entre os provérbios e a notícia? [mais alto é aquele que mais tem.],Como avaliaria a relação entre os provérbios e a notícia? [mais vale um que bem mande do que dois que mal façam.],"Como avaliaria a relação entre os provérbios e a notícia? [quanto mais depressa, mais devagar.]","Como avaliaria a relação entre os provérbios e a notícia? [poucos fuzis, trovões em barda, rumo em que o vento se alaparda.]","Relacionando com o título, quão engraçado é cada provérbio? [os amigos são para as ocasiões.]","Relacionando com o título, quão engraçado é cada provérbio? [mais alto é aquele que mais tem.]","Relacionando com o título, quão engraçado é cada provérbio? [mais vale um que bem mande do que dois que mal façam.]","Relacionando com o título, quão engraçado é cada provérbio? [quanto mais depressa, mais devagar.]","Relacionando com o título, quão engraçado é cada provérbio? [poucos fuzis, trovões em barda, rumo em que o vento se alaparda.]",Como avaliaria a relação entre os provérbios e a notícia? [não contes com o ovo no cu da galinha.],Como avaliaria a relação entre os provérbios e a notícia? [a lisonja é incompatível com a nobreza de carácter.],Como avaliaria a relação entre os provérbios e a notícia? [geada na lama água na cama.],"Como avaliaria a relação entre os provérbios e a notícia? [vozes da aldeia, não crer nem em meia; vozes da cidade, a metade da metade.]","Como avaliaria a relação entre os provérbios e a notícia? [chuva miúda e neve aturada, são bom alimento de terra lavrada.]",Como avaliaria a relação entre os provérbios e a notícia? [vozes de burro não chegam aos céus.],"Relacionando com o título, quão engraçado é cada provérbio? [não contes com o ovo no cu da galinha.]","Relacionando com o título, quão engraçado é cada provérbio? [a lisonja é incompatível com a nobreza de carácter.]","Relacionando com o título, quão engraçado é cada provérbio? [geada na lama água na cama.]","Relacionando com o título, quão engraçado é cada provérbio? [vozes da aldeia, não crer nem em meia; vozes da cidade, a metade da metade.]","Relacionando com o título, quão engraçado é cada provérbio? [chuva miúda e neve aturada, são bom alimento de terra lavrada.]","Relacionando com o título, quão engraçado é cada provérbio? [vozes de burro não chegam aos céus.]","[Opcional] Fazendo a fusão entre o título dado e um provérbio à sua escolha, que novo título sugeria?"
5,1,2,3,3,2,1,1,1,2,3,3,2,2,3,1,2,1,1,4,1,1,1,1,1,3,1,3,3,2,1,3,2,4,3,2,1,1,1,1,2,3,3,3,4,2,2,3,2,3,2,3,3,1,3,2,4,2,2,4,2,2,4,3,4,1,2,3,1,2,2,3,1,2,3,2,1,3,1,2,1,1,1,3,2,2,3,3,1,3,2,3,1,1,1,2,3,2,4,2,1,1,2,2,1,1,3,1,4,2,1,3,1,3,1,3,2,2,1,1,2,3,3,2,1,2,3,1,2,2,3,3,2,3,4,3,4
5,1,1,1,3,4,3,1,1,1,1,1,3,4,4,1,1,3,1,4,1,1,1,2,1,4,1,4,1,1,1,1,1,4,2,3,3,1,1,1,3,3,2,1,1,1,1,4,3,3,4,4,1,1,3,4,4,4,3,2,1,3,3,3,4,1,1,2,2,3,2,3,3,2,1,2,2,3,1,3,3,1,1,2,3,1,3,3,1,1,2,4,1,1,3,1,3,1,2,1,1,1,3,2,1,4,4,4,3,3,4,4,4,4,1,4,4,4,4,1,3,3,4,4,2,1,3,1,1,3,3,1,3,1,1,3,3
5,1,2,1,2,1,1,1,1,2,2,1,1,1,1,1,1,3,1,3,3,1,1,1,1,3,1,3,1,1,1,1,1,3,1,1,1,1,1,1,2,1,1,1,1,1,1,1,1,1,1,1,1,1,1,1,1,1,1,1,1,2,3,1,1,1,1,1,1,2,2,1,1,1,1,1,1,1,1,2,1,1,1,1,1,1,1,1,1,1,1,1,1,1,1,1,1,1,1,1,1,1,1,2,2,1,3,1,1,1,1,2,1,3,1,1,3,1,1,1,1,3,1,1,1,1,1,1,1,1,1,1,1,1,1,1,1
5,2,1,3,3,1,1,2,1,2,1,3,3,2,1,2,2,1,1,3,1,1,1,1,1,2,2,2,2,1,1,1,1,3,1,1,1,2,1,1,2,1,2,2,2,1,1,2,1,1,2,3,3,1,2,3,1,3,3,2,1,1,2,2,3,1,1,1,3,1,2,2,3,1,1,1,2,2,2,1,1,2,2,1,2,2,1,1,2,2,1,1,1,1,1,2,2,1,2,2,2,1,2,1,2,1,2,1,1,2,2,3,1,2,1,1,1,3,1,1,2,2,2,1,1,1,2,1,1,2,1,1,2,2,3,2,1
6,Como avaliaria a relação entre os provérbios e a notícia? [a beleza está nos olhos de quem vê.],"Como avaliaria a relação entre os provérbios e a notícia? [de médico, de sábio e de louco todos temos um pouco.]","Como avaliaria a relação entre os provérbios e a notícia? [a bom entendedor, meia palavra basta.]","Como avaliaria a relação entre os provérbios e a notícia? [vozes da aldeia, não crer nem em meia; vozes da cidade, a metade da metade.]",Como avaliaria a relação entre os provérbios e a notícia? [em Janeiro uma hora por inteiro e quem bem contar hora e meia há-de encontrar.],Como avaliaria a relação entre os provérbios e a notícia? [às três é de vez.],"Como avaliaria a relação entre os provérbios e a notícia? [de couves cruas, mulheres nuas e lautas ceias estão as sepulturas cheias.]","Relacionando com o título, quão engraçado é cada provérbio? [a beleza está nos olhos de quem vê.]","Relacionando com o título, quão engraçado é cada provérbio? [de médico, de sábio e de louco todos temos um pouco.]","Relacionando com o título, quão engraçado é cada provérbio? [a bom entendedor, meia palavra basta.]","Relacionando com o título, quão engraçado é cada provérbio? [vozes da aldeia, não crer nem em meia; vozes da cidade, a metade da metade.]","Relacionando com o título, quão engraçado é cada provérbio? [em Janeiro uma hora por inteiro e quem bem contar hora e meia há-de encontrar.]","Relacionando com o título, quão engraçado é cada provérbio? [às três é de vez.]","Relacionando com o título, quão engraçado é cada provérbio? [de couves cruas, mulheres nuas e lautas ceias estão as sepulturas cheias.]","Como avaliaria a relação entre os provérbios e a notícia? [a boa fé é uma moeda, que quase não tem curso no comércio da vida.]","Como avaliaria a relação entre os provérbios e a notícia? [em casa de ferreiro, espeto de pau.]",Como avaliaria a relação entre os provérbios e a notícia? [mais vale um gosto na vida que seis reis na algibeira.],Como avaliaria a relação entre os provérbios e a notícia? [a verdade na arte é apenas a sinceridade das impressões do artista.],Como avaliaria a relação entre os provérbios e a notícia? [geada na lama água na cama.],"Como avaliaria a relação entre os provérbios e a notícia? [fica tudo como dantes, quartel-general em Abrantes.]",Como avaliaria a relação entre os provérbios e a notícia? [de grão em grão a galinha enche o papo.],"Relacionando com o título, quão engraçado é cada provérbio? [a boa fé é uma moeda, que quase não tem curso no comércio da vida.]","Relacionando com o título, quão engraçado é cada provérbio? [em casa de ferreiro, espeto de pau.]","Relacionando com o título, quão engraçado é cada provérbio? [mais vale um gosto na vida que seis reis na algibeira.]","Relacionando com o título, quão engraçado é cada provérbio? [a verdade na arte é apenas a sinceridade das impressões do artista.]","Relacionando com o título, quão engraçado é cada provérbio? [geada na lama água na cama.]","Relacionando com o título, quão engraçado é cada provérbio? [fica tudo como dantes, quartel-general em Abrantes.]","Relacionando com o título, quão engraçado é cada provérbio? [de grão em grão a galinha enche o papo.]","Como avaliaria a relação entre os provérbios e a notícia? [no Natal, passadinha de Natal.]","Como avaliaria a relação entre os provérbios e a notícia? [em casa de ferreiro, espeto de pau.]","Como avaliaria a relação entre os provérbios e a notícia? [quanto mais alto, maior é a queda.]","Como avaliaria a relação entre os provérbios e a notícia? [bom tempo no Inverno e mau no estio - mau ano de fome, bom ano de frio.]","Como avaliaria a relação entre os provérbios e a notícia? [o maior revés nada vale, quando a honra fica de pé.]","Como avaliaria a relação entre os provérbios e a notícia? [em casa de ferreiro, espeto de salgueiro.]","Como avaliaria a relação entre os provérbios e a notícia? [fica tudo como dantes, quartel-general em Abrantes.]",Como avaliaria a relação entre os provérbios e a notícia? [cão que levou mordida de cobra tem medo de salsicha.],"Relacionando com o título, quão engraçado é cada provérbio? [no Natal, passadinha de Natal.]","Relacionando com o título, quão engraçado é cada provérbio? [em casa de ferreiro, espeto de pau.]","Relacionando com o título, quão engraçado é cada provérbio? [quanto mais alto, maior é a queda.]","Relacionando com o título, quão engraçado é cada provérbio? [bom tempo no Inverno e mau no estio - mau ano de fome, bom ano de frio.]","Relacionando com o título, quão engraçado é cada provérbio? [o maior revés nada vale, quando a honra fica de pé.]","Relacionando com o título, quão engraçado é cada provérbio? [em casa de ferreiro, espeto de salgueiro.]","Relacionando com o título, quão engraçado é cada provérbio? [fica tudo como dantes, quartel-general em Abrantes.]","Relacionando com o título, quão engraçado é cada provérbio? [cão que levou mordida de cobra tem medo de salsicha.]",Como avaliaria a relação entre os provérbios e a notícia? [cada um come do que faz.],"Como avaliaria a relação entre os provérbios e a notícia? [de Santa Luzia ao Natal, um salto de pardal, de Natal a Janeiro, um salto de carneiro.]",Como avaliaria a relação entre os provérbios e a notícia? [cozinha sem salsa é como jarra sem flores.],"Como avaliaria a relação entre os provérbios e a notícia? [azeite de cima, mel do meio e vinho do fundo, não enganam o mundo.]",Como avaliaria a relação entre os provérbios e a notícia? [água pelo São João tira azeite e não dá pão.],"Como avaliaria a relação entre os provérbios e a notícia? [o macaco mesmo coberto com a pele dum carneiro, é sempre um macaco.]",Como avaliaria a relação entre os provérbios e a notícia? [a Arca de Noé foi construída por amadores; os profissionais construíram o Titanic.],"Relacionando com o título, quão engraçado é cada provérbio? [cada um come do que faz.]","Relacionando com o título, quão engraçado é cada provérbio? [de Santa Luzia ao Natal, um salto de pardal, de Natal a Janeiro, um salto de carneiro.]","Relacionando com o título, quão engraçado é cada provérbio? [cozinha sem salsa é como jarra sem flores.]","Relacionando com o título, quão engraçado é cada provérbio? [azeite de cima, mel do meio e vinho do fundo, não enganam o mundo.]","Relacionando com o título, quão engraçado é cada provérbio? [água pelo São João tira azeite e não dá pão.]","Relacionando com o título, quão engraçado é cada provérbio? [o macaco mesmo coberto com a pele dum carneiro, é sempre um macaco.]","Relacionando com o título, quão engraçado é cada provérbio? [a Arca de Noé foi construída por amadores; os profissionais construíram o Titanic.]",Como avaliaria a relação entre os provérbios e a notícia? [até ao lavar dos cestos é vindima.],"Como avaliaria a relação entre os provérbios e a notícia? [cachorro mordido de cobra, tem medo até de barbante.]","Como avaliaria a relação entre os provérbios e a notícia? [mais do que o dado, vale a maneira de o dar.]",Como avaliaria a relação entre os provérbios e a notícia? [mais vale um ano à volta que nunca a casa.],Como avaliaria a relação entre os provérbios e a notícia? [aprender até morrer.],Como avaliaria a relação entre os provérbios e a notícia? [em zanga de marido e mulher não se mete a colher.],"Relacionando com o título, quão engraçado é cada provérbio? [até ao lavar dos cestos é vindima.]","Relacionando com o título, quão engraçado é cada provérbio? [cachorro mordido de cobra, tem medo até de barbante.]","Relacionando com o título, quão engraçado é cada provérbio? [mais do que o dado, vale a maneira de o dar.]","Relacionando com o título, quão engraçado é cada provérbio? [mais vale um ano à volta que nunca a casa.]","Relacionando com o título, quão engraçado é cada provérbio? [aprender até morrer.]","Relacionando com o título, quão engraçado é cada provérbio? [em zanga de marido e mulher não se mete a colher.]","Como avaliaria a relação entre os provérbios e a notícia? [para amigo íntimo, basta um, colhido na adversidade.]",Como avaliaria a relação entre os provérbios e a notícia? [estar a olhar para qualquer coisa como um boi para um palácio.],"Como avaliaria a relação entre os provérbios e a notícia? [come para viver, não vivas para comer.]","Como avaliaria a relação entre os provérbios e a notícia? [receia-se menos um bravo em cólera, que um cobarde que dissimula.]","Relacionando com o título, quão engraçado é cada provérbio? [para amigo íntimo, basta um, colhido na adversidade.]","Relacionando com o título, quão engraçado é cada provérbio? [estar a olhar para qualquer coisa como um boi para um palácio.]","Relacionando com o título, quão engraçado é cada provérbio? [come para viver, não vivas para comer.]","Relacionando com o título, quão engraçado é cada provérbio? [receia-se menos um bravo em cólera, que um cobarde que dissimula.]","Como avaliaria a relação entre os provérbios e a notícia? [amor ardente, amor para sempre.]",Como avaliaria a relação entre os provérbios e a notícia? [estar a olhar para qualquer coisa como um boi para um palácio.],"Como avaliaria a relação entre os provérbios e a notícia? [quem não é para comer, não é para trabalhar.]",Como avaliaria a relação entre os provérbios e a notícia? [tantas vezes vai o cântaro à fonte que um dia se quebra.],"Relacionando com o título, quão engraçado é cada provérbio? [amor ardente, amor para sempre.]","Relacionando com o título, quão engraçado é cada provérbio? [estar a olhar para qualquer coisa como um boi para um palácio.]","Relacionando com o título, quão engraçado é cada provérbio? [quem não é para comer, não é para trabalhar.]","Relacionando com o título, quão engraçado é cada provérbio? [tantas vezes vai o cântaro à fonte que um dia se quebra.]","Como avaliaria a relação entre os provérbios e a notícia? [em abril, águas mil.]","Como avaliaria a relação entre os provérbios e a notícia? [nove meses de Inverno, três de inferno.]",Como avaliaria a relação entre os provérbios e a notícia? [a Arca de Noé foi construída por amadores; os profissionais construíram o Titanic.],"Relacionando com o título, quão engraçado é cada provérbio? [em abril, águas mil.]","Relacionando com o título, quão engraçado é cada provérbio? [nove meses de Inverno, três de inferno.]","Relacionando com o título, quão engraçado é cada provérbio? [a Arca de Noé foi construída por amadores; os profissionais construíram o Titanic.]",Como avaliaria a relação entre os provérbios e a notícia? [não é com vinagre que se apanham moscas.],Como avaliaria a relação entre os provérbios e a notícia? [quem pode o mais pode o menos.],Como avaliaria a relação entre os provérbios e a notícia? [assás é de pouco saber quem se mata pelo que não pode haver.],"Como avaliaria a relação entre os provérbios e a notícia? [a mulher de César tem que ser, não basta parecer.]","Como avaliaria a relação entre os provérbios e a notícia? [se a vida lhe der um limão, faça uma limonada.]","Relacionando com o título, quão engraçado é cada provérbio? [não é com vinagre que se apanham moscas.]","Relacionando com o título, quão engraçado é cada provérbio? [quem pode o mais pode o menos.]","Relacionando com o título, quão engraçado é cada provérbio? [assás é de pouco saber quem se mata pelo que não pode haver.]","Relacionando com o título, quão engraçado é cada provérbio? [a mulher de César tem que ser, não basta parecer.]","Relacionando com o título, quão engraçado é cada provérbio? [se a vida lhe der um limão, faça uma limonada.]","Como avaliaria a relação entre os provérbios e a notícia? [no Natal, passadinha de Natal.]","Como avaliaria a relação entre os provérbios e a notícia? [calcanhar de homem, cu de mulher e nariz de cão só aquecem no Verão.]",Como avaliaria a relação entre os provérbios e a notícia? [um olho no burro e outro no cigano.],"Como avaliaria a relação entre os provérbios e a notícia? [mal por mal, antes na cadeia do que no hospital.]","Como avaliaria a relação entre os provérbios e a notícia? [março, marçagão, de manhã Inverno, à tarde Verão.]","Como avaliaria a relação entre os provérbios e a notícia? [zombai do tolo em casa, zombará convosco na praça.]","Como avaliaria a relação entre os provérbios e a notícia? [senhoria de Itália, Dom de Espanha - não valem uma castanha.]",Como avaliaria a relação entre os provérbios e a notícia? [a ignorância da lei não desculpa a ninguém.],"Relacionando com o título, quão engraçado é cada provérbio? [no Natal, passadinha de Natal.]","Relacionando com o título, quão engraçado é cada provérbio? [calcanhar de homem, cu de mulher e nariz de cão só aquecem no Verão.]","Relacionando com o título, quão engraçado é cada provérbio? [um olho no burro e outro no cigano.]","Relacionando com o título, quão engraçado é cada provérbio? [mal por mal, antes na cadeia do que no hospital.]","Relacionando com o título, quão engraçado é cada provérbio? [março, marçagão, de manhã Inverno, à tarde Verão.]","Relacionando com o título, quão engraçado é cada provérbio? [zombai do tolo em casa, zombará convosco na praça.]","Relacionando com o título, quão engraçado é cada provérbio? [senhoria de Itália, Dom de Espanha - não valem uma castanha.]","Relacionando com o título, quão engraçado é cada provérbio? [a ignorância da lei não desculpa a ninguém.]",
6,1,3,1,2,1,3,1,3,2,3,2,3,3,4,3,1,1,3,2,2,3,3,3,2,1,4,3,4,2,3,3,1,1,3,1,1,4,3,4,2,2,3,3,4,4,2,3,3,3,1,4,4,2,4,4,4,2,4,2,2,4,4,4,1,4,2,3,4,4,4,3,3,3,3,3,3,3,1,1,1,2,2,4,3,3,3,4,4,4,4,4,4,4,2,1,1,4,4,2,2,2,4,2,2,1,3,1,1,1,4,4,3,3,4,3,2,2,4
6,1,4,3,3,1,1,1,1,4,3,3,1,1,1,3,1,4,4,2,3,2,3,1,3,2,1,4,4,1,2,4,1,2,2,2,4,1,3,4,1,2,3,3,2,3,3,1,1,4,3,3,4,2,1,1,2,4,4,4,1,3,3,2,1,3,1,2,4,3,1,1,2,1,3,1,4,1,4,3,1,1,2,3,3,1,2,3,4,2,2,3,1,2,3,3,3,2,3,2,2,2,3,1,4,2,3,1,1,1,1,1,4,1,3,1,1,2,1
6,3,4,1,2,4,1,3,3,4,1,1,2,1,2,4,2,1,3,1,2,2,3,2,1,3,1,1,1,2,1,4,1,3,1,3,3,2,1,4,1,3,1,4,2,4,3,4,2,1,4,4,4,1,3,2,4,3,4,4,2,2,2,3,2,4,3,2,3,4,2,4,4,3,1,4,4,4,2,4,2,3,4,3,3,4,4,2,4,3,3,3,4,4,4,2,4,4,4,2,1,3,4,3,3,4,4,2,1,3,3,4,4,3,4,2,1,2,3
6,1,1,1,1,1,1,1,1,3,1,1,1,1,1,1,1,1,3,1,1,1,1,2,1,2,1,1,1,1,1,4,1,1,1,1,1,2,1,3,1,1,1,1,1,1,1,1,2,2,1,1,1,1,1,3,3,1,1,1,1,2,2,3,1,2,1,2,2,2,1,1,2,1,1,1,2,1,1,2,1,1,1,2,1,1,1,1,3,1,2,3,1,2,2,1,1,2,2,3,1,1,2,1,1,1,2,1,1,1,1,2,2,1,1,1,1,1,1
